experiment;reference;parameter;avg;device_id;R2;a;b;RMSE;nRMSE;r;device_type;location_type
office;Palas AQ-Guard;RH;5 min;149;0.882;0.946;5.000;2.880;6.870;0.939;LAS_PID;indoor
office;Palas AQ-Guard;RH;5 min;150;0.931;0.992;3.450;3.170;7.560;0.965;LAS_PID;indoor
office;Palas AQ-Guard;RH;5 min;151;0.926;0.939;8.550;6.040;14.400;0.962;LAS_PID;indoor
office;Palas AQ-Guard;RH;5 min;mean;0.913;0.959;5.670;4.030;9.610;0.955;LAS_PID;indoor
office;Palas AQ-Guard;air_temp;5 min;149;0.853;0.918;3.260;1.510;6.870;0.923;LAS_PID;indoor
office;Palas AQ-Guard;air_temp;5 min;150;0.907;0.924;2.530;0.922;4.190;0.952;LAS_PID;indoor
office;Palas AQ-Guard;air_temp;5 min;151;0.907;0.882;3.960;1.390;6.300;0.952;LAS_PID;indoor
office;Palas AQ-Guard;air_temp;5 min;mean;0.889;0.908;3.250;1.270;5.790;0.943;LAS_PID;indoor
office;Palas AQ-Guard;CO2;5 min;149;0.984;1.000;134.000;141.000;14.500;0.992;LAS_PID;indoor
office;Palas AQ-Guard;CO2;5 min;150;0.985;1.040;141.000;185.000;19.000;0.992;LAS_PID;indoor
office;Palas AQ-Guard;CO2;5 min;151;0.976;0.966;-6.670;66.700;6.850;0.988;LAS_PID;indoor
office;Palas AQ-Guard;CO2;5 min;mean;0.982;1.000;89.500;131.000;13.500;0.991;LAS_PID;indoor
office;Palas AQ-Guard;VOC;5 min;149;0.405;0.015;170.000;1140.000;103.000;0.637;LAS_PID;indoor
office;Palas AQ-Guard;VOC;5 min;150;0.291;0.010;146.000;1170.000;105.000;0.539;LAS_PID;indoor
office;Palas AQ-Guard;VOC;5 min;151;0.332;0.011;179.000;1140.000;103.000;0.576;LAS_PID;indoor
office;Palas AQ-Guard;VOC;5 min;mean;0.343;0.011;165.000;1148.000;103.000;0.584;LAS_PID;indoor
office;Palas AQ-Guard;VOC_P3;5 min;151;0.001;0.000;300.000;1060.000;95.200;0.032;LAS_PID;indoor
office;Palas AQ-Guard;PM02.5;5 min;149;0.975;0.987;-0.133;0.471;20.500;0.988;LAS_PID;indoor
office;Palas AQ-Guard;PM02.5;5 min;150;0.978;1.020;-0.199;0.458;20.000;0.989;LAS_PID;indoor
office;Palas AQ-Guard;PM02.5;5 min;151;0.976;0.998;-0.214;0.492;21.400;0.988;LAS_PID;indoor
office;Palas AQ-Guard;PM02.5;5 min;mean;0.976;1.000;-0.182;0.474;20.600;0.988;LAS_PID;indoor
office;Palas AQ-Guard;PM10;5 min;149;0.863;0.756;-0.137;1.620;53.300;0.929;LAS_PID;indoor
office;Palas AQ-Guard;PM10;5 min;150;0.866;0.778;-0.189;1.590;52.200;0.930;LAS_PID;indoor
office;Palas AQ-Guard;PM10;5 min;151;0.863;0.757;-0.200;1.650;54.500;0.929;LAS_PID;indoor
office;Palas AQ-Guard;PM10;5 min;mean;0.864;0.908;3.250;1.270;53.300;0.943;LAS_PID;indoor
office;Palas AQ-Guard;RH;1 hour;149;0.904;0.936;5.430;2.840;6.770;0.951;LAS_PID;indoor
office;Palas AQ-Guard;RH;1 hour;150;0.954;0.983;3.790;3.130;7.470;0.977;LAS_PID;indoor
office;Palas AQ-Guard;RH;1 hour;151;0.953;0.929;8.970;6.020;14.300;0.976;LAS_PID;indoor
office;Palas AQ-Guard;RH;1 hour;mean;0.937;0.949;6.070;4.000;9.530;0.968;LAS_PID;indoor
office;Palas AQ-Guard;air_temp;1 hour;149;0.896;0.969;2.150;1.500;6.810;0.947;LAS_PID;indoor
office;Palas AQ-Guard;air_temp;1 hour;150;0.947;0.970;1.540;0.900;4.090;0.973;LAS_PID;indoor
office;Palas AQ-Guard;air_temp;1 hour;151;0.943;0.924;3.030;1.370;6.240;0.971;LAS_PID;indoor
office;Palas AQ-Guard;air_temp;1 hour;mean;0.929;0.954;2.240;1.260;5.710;0.964;LAS_PID;indoor
office;Palas AQ-Guard;CO2;1 hour;149;0.984;1.000;131.000;142.000;14.500;0.992;LAS_PID;indoor
office;Palas AQ-Guard;CO2;1 hour;150;0.986;1.040;140.000;186.000;19.000;0.993;LAS_PID;indoor
office;Palas AQ-Guard;CO2;1 hour;151;0.976;0.968;-7.570;65.900;6.740;0.988;LAS_PID;indoor
office;Palas AQ-Guard;CO2;1 hour;mean;0.982;1.000;87.800;131.000;13.400;0.991;LAS_PID;indoor
office;Palas AQ-Guard;VOC;1 hour;149;0.462;0.015;170.000;1150.000;103.000;0.680;LAS_PID;indoor
office;Palas AQ-Guard;VOC;1 hour;150;0.364;0.010;146.000;1180.000;105.000;0.603;LAS_PID;indoor
office;Palas AQ-Guard;VOC;1 hour;151;0.382;0.011;179.000;1150.000;103.000;0.618;LAS_PID;indoor
office;Palas AQ-Guard;VOC;1 hour;mean;0.403;0.012;165.000;1161.000;104.000;0.643;LAS_PID;indoor
office;Palas AQ-Guard;VOC_P3;1 hour;151;0.014;0.001;299.000;1070.000;95.300;0.118;LAS_PID;indoor
office;Palas AQ-Guard;PM02.5;1 hour;149;0.981;0.992;-0.135;0.433;18.300;0.991;LAS_PID;indoor
office;Palas AQ-Guard;PM02.5;1 hour;150;0.984;1.030;-0.196;0.420;17.800;0.992;LAS_PID;indoor
office;Palas AQ-Guard;PM02.5;1 hour;151;0.974;1.000;-0.213;0.521;22.000;0.987;LAS_PID;indoor
office;Palas AQ-Guard;PM02.5;1 hour;mean;0.980;1.010;-0.181;0.458;19.400;0.990;LAS_PID;indoor
office;Palas AQ-Guard;PM10;1 hour;149;0.901;0.789;-0.228;1.510;48.200;0.949;LAS_PID;indoor
office;Palas AQ-Guard;PM10;1 hour;150;0.903;0.806;-0.272;1.480;47.300;0.950;LAS_PID;indoor
office;Palas AQ-Guard;PM10;1 hour;151;0.899;0.792;-0.293;1.550;49.400;0.948;LAS_PID;indoor
office;Palas AQ-Guard;PM10;1 hour;mean;0.901;0.796;-0.264;1.510;48.300;0.949;LAS_PID;indoor
rootop;Palas AQ-Guard;RH;5 min;149;0.943;1.170;-2.170;6.890;14.100;0.971;LAS_PID;indoor
rootop;Palas AQ-Guard;RH;5 min;150;0.919;1.250;-3.530;9.450;19.300;0.958;LAS_PID;indoor
rootop;Palas AQ-Guard;RH;5 min;151;0.944;1.170;0.355;9.070;18.500;0.971;LAS_PID;indoor
rootop;Palas AQ-Guard;RH;5 min;mean;0.935;1.190;-1.780;8.470;17.300;0.967;LAS_PID;indoor
rootop;Palas AQ-Guard;air_temp;5 min;149;0.955;1.140;-2.890;1.050;5.730;0.977;LAS_PID;indoor
rootop;Palas AQ-Guard;air_temp;5 min;150;0.936;1.130;-3.600;1.620;8.860;0.967;LAS_PID;indoor
rootop;Palas AQ-Guard;air_temp;5 min;151;0.951;1.090;-2.230;1.060;5.780;0.975;LAS_PID;indoor
rootop;Palas AQ-Guard;air_temp;5 min;mean;0.947;1.120;-2.910;1.240;6.790;0.973;LAS_PID;indoor
rootop;Palas AQ-Guard;CO2;5 min;149;0.280;0.712;219.000;105.000;26.200;0.529;LAS_PID;indoor
rootop;Palas AQ-Guard;CO2;5 min;150;0.155;0.706;197.000;80.400;20.100;0.394;LAS_PID;indoor
rootop;Palas AQ-Guard;CO2;5 min;151;0.066;-0.443;525.000;54.200;13.600;-0.257;LAS_PID;indoor
rootop;Palas AQ-Guard;CO2;5 min;mean;0.167;0.325;314.000;79.800;20.000;0.222;LAS_PID;indoor
rootop;Palas AQ-Guard;VOC;5 min;149;0.224;0.105;122.000;47.200;37.800;0.473;LAS_PID;indoor
rootop;Palas AQ-Guard;VOC;5 min;150;0.100;0.026;99.800;53.700;43.000;0.317;LAS_PID;indoor
rootop;Palas AQ-Guard;VOC;5 min;151;0.140;0.070;132.000;50.300;40.200;0.374;LAS_PID;indoor
rootop;Palas AQ-Guard;VOC;5 min;mean;0.155;0.067;118.000;50.400;40.400;0.388;LAS_PID;indoor
rootop;Palas AQ-Guard;VOC_P3;5 min;151;0.500;0.000;300.000;182.000;146.000;;LAS_PID;indoor
rootop;Palas AQ-Guard;PM02.5;5 min;149;0.967;1.460;-1.360;2.190;36.800;0.983;LAS_PID;indoor
rootop;Palas AQ-Guard;PM02.5;5 min;150;0.960;1.540;-1.540;2.600;43.800;0.980;LAS_PID;indoor
rootop;Palas AQ-Guard;PM02.5;5 min;151;0.961;1.520;-1.610;2.400;40.300;0.980;LAS_PID;indoor
rootop;Palas AQ-Guard;PM02.5;5 min;mean;0.963;1.510;-1.510;2.400;40.300;0.981;LAS_PID;indoor
rootop;Palas AQ-Guard;PM10;5 min;149;0.912;1.360;-1.830;2.000;29.400;0.955;LAS_PID;indoor
rootop;Palas AQ-Guard;PM10;5 min;150;0.904;1.410;-1.930;2.260;33.300;0.951;LAS_PID;indoor
rootop;Palas AQ-Guard;PM10;5 min;151;0.907;1.390;-1.990;2.100;30.900;0.952;LAS_PID;indoor
rootop;Palas AQ-Guard;PM10;5 min;mean;0.908;1.390;-1.920;2.210;31.200;0.953;LAS_PID;indoor
rootop;Palas AQ-Guard;RH;1 hour;149;0.944;1.170;-2.370;6.870;14.000;0.971;LAS_PID;indoor
rootop;Palas AQ-Guard;RH;1 hour;150;0.921;1.250;-3.840;9.420;19.200;0.960;LAS_PID;indoor
rootop;Palas AQ-Guard;RH;1 hour;151;0.945;1.170;0.098;9.050;18.500;0.972;LAS_PID;indoor
rootop;Palas AQ-Guard;RH;1 hour;mean;0.937;1.200;-2.030;8.450;17.300;0.968;LAS_PID;indoor
rootop;Palas AQ-Guard;air_temp;1 hour;149;0.956;1.150;-2.920;1.030;5.650;0.978;LAS_PID;indoor
rootop;Palas AQ-Guard;air_temp;1 hour;150;0.938;1.140;-3.660;1.600;8.770;0.968;LAS_PID;indoor
rootop;Palas AQ-Guard;air_temp;1 hour;151;0.952;1.100;-2.280;1.040;5.690;0.976;LAS_PID;indoor
rootop;Palas AQ-Guard;air_temp;1 hour;mean;0.949;1.130;-2.960;1.230;6.700;0.974;LAS_PID;indoor
rootop;Palas AQ-Guard;CO2;1 hour;149;0.283;0.700;224.000;105.000;26.200;0.532;LAS_PID;indoor
rootop;Palas AQ-Guard;CO2;1 hour;150;0.154;0.707;196.000;80.300;20.100;0.393;LAS_PID;indoor
rootop;Palas AQ-Guard;CO2;1 hour;151;0.092;-0.523;557.000;54.000;13.500;-0.303;LAS_PID;indoor
rootop;Palas AQ-Guard;CO2;1 hour;mean;0.176;0.295;326.000;79.700;20.000;0.207;LAS_PID;indoor
rootop;Palas AQ-Guard;VOC;1 hour;149;0.223;0.109;122.000;43.700;35.100;0.223;LAS_PID;indoor
rootop;Palas AQ-Guard;VOC;1 hour;150;0.070;0.018;101.000;50.500;40.500;0.070;LAS_PID;indoor
rootop;Palas AQ-Guard;VOC;1 hour;151;0.126;0.069;133.000;47.000;37.700;0.126;LAS_PID;indoor
rootop;Palas AQ-Guard;VOC;1 hour;mean;0.140;0.065;118.000;47.100;37.800;0.364;LAS_PID;indoor
rootop;Palas AQ-Guard;VOC_P3;1 hour;151;0.506;0.000;300.000;181.000;146.000;;LAS_PID;indoor
rootop;Palas AQ-Guard;PM02.5;1 hour;149;0.972;1.470;-1.410;2.150;36.300;0.972;LAS_PID;indoor
rootop;Palas AQ-Guard;PM02.5;1 hour;150;0.966;1.550;-1.600;2.570;43.200;0.966;LAS_PID;indoor
rootop;Palas AQ-Guard;PM02.5;1 hour;151;0.967;1.530;-1.680;2.360;39.800;0.967;LAS_PID;indoor
rootop;Palas AQ-Guard;PM02.5;1 hour;mean;0.968;1.520;-1.560;2.360;39.800;0.984;LAS_PID;indoor
rootop;Palas AQ-Guard;PM10;1 hour;149;0.939;1.400;-2.110;1.890;27.800;0.969;LAS_PID;indoor
rootop;Palas AQ-Guard;PM10;1 hour;150;0.931;1.450;-2.230;2.160;31.800;0.965;LAS_PID;indoor
rootop;Palas AQ-Guard;PM10;1 hour;151;0.934;1.430;-2.290;2.000;29.400;0.966;LAS_PID;indoor
rootop;Palas AQ-Guard;PM10;1 hour;mean;0.935;1.430;-2.210;2.010;29.700;0.967;LAS_PID;indoor
rootop;chem_tropos;O3;1 hour;149;0.715;0.802;44.600;41.000;205.000;0.845;LAS_PID;indoor
rootop;chem_tropos;O3;1 hour;150;0.754;0.864;43.400;40.900;205.000;0.868;LAS_PID;indoor
rootop;chem_tropos;O3;1 hour;151;0.741;0.843;41.700;38.900;195.000;0.861;LAS_PID;indoor
rootop;chem_tropos;O3;1 hour;mean;0.737;0.836;43.200;40.300;201.000;0.858;LAS_PID;indoor
rootop;chem_tropos;NO2;1 hour;149;0.034;1.910;26.600;29.800;1073.000;0.183;LAS_PID;indoor
rootop;chem_tropos;NO2;1 hour;150;0.036;1.750;31.000;33.600;1210.000;0.189;LAS_PID;indoor
rootop;chem_tropos;NO2;1 hour;151;0.040;1.950;24.100;27.400;987.000;0.198;LAS_PID;indoor
rootop;chem_tropos;NO2;1 hour;mean;0.036;1.870;27.200;30.300;1090.000;0.190;LAS_PID;indoor
rootop;chem_tropos;O3;5 min;149;0.666;0.788;44.900;41.000;205.000;0.816;LAS_PID;indoor
rootop;chem_tropos;O3;5 min;150;0.705;0.848;43.700;41.000;205.000;0.840;LAS_PID;indoor
rootop;chem_tropos;O3;5 min;151;0.691;0.828;42.000;39.000;195.000;0.831;LAS_PID;indoor
rootop;chem_tropos;O3;5 min;mean;0.687;0.821;43.500;40.300;202.000;0.829;LAS_PID;indoor
rootop;chem_tropos;NO2;5 min;149;0.032;1.820;26.800;29.900;1080.000;0.178;LAS_PID;indoor
rootop;chem_tropos;NO2;5 min;150;0.035;1.720;31.100;33.700;1210.000;0.187;LAS_PID;indoor
rootop;chem_tropos;NO2;5 min;151;0.036;1.830;24.500;27.500;990.000;0.191;LAS_PID;indoor
rootop;chem_tropos;NO2;5 min;mean;0.034;1.790;27.500;30.400;1093.000;0.185;LAS_PID;indoor
chamber_meteo;Palas AQ-Guard;RH;5 min;149;0.922;0.913;2.110;5.240;11.600;0.960;LAS_PID;indoor
chamber_meteo;Palas AQ-Guard;RH;5 min;150;0.943;0.974;1.130;4.240;9.420;0.971;LAS_PID;indoor
chamber_meteo;Palas AQ-Guard;RH;5 min;151;0.944;0.943;4.270;4.500;9.990;0.972;LAS_PID;indoor
chamber_meteo;Palas AQ-Guard;RH;5 min;mean;0.936;0.943;2.503;4.660;10.337;0.968;LAS_PID;indoor
chamber_meteo;Palas AQ-Guard;air_temp;5 min;149;0.918;0.890;5.550;3.310;13.600;0.958;LAS_PID;indoor
chamber_meteo;Palas AQ-Guard;air_temp;5 min;150;0.940;0.912;3.960;2.310;9.460;0.969;LAS_PID;indoor
chamber_meteo;Palas AQ-Guard;air_temp;5 min;151;0.946;0.916;4.160;2.520;10.300;0.973;LAS_PID;indoor
chamber_meteo;Palas AQ-Guard;air_temp;5 min;mean;0.935;0.906;4.557;2.713;11.120;0.967;LAS_PID;indoor
chamber_meteo;Palas AQ-Guard;abs_hum;5 min;149;0.993;1.030;0.853;1.360;12.700;0.996;LAS_PID;indoor
chamber_meteo;Palas AQ-Guard;abs_hum;5 min;150;0.992;1.030;0.679;1.200;11.200;0.996;LAS_PID;indoor
chamber_meteo;Palas AQ-Guard;abs_hum;5 min;151;0.991;1.040;1.220;1.810;16.900;0.995;LAS_PID;indoor
chamber_meteo;Palas AQ-Guard;abs_hum;5 min;mean;0.992;1.033;0.917;1.457;13.600;0.996;LAS_PID;indoor
chamber_meteo;Palas AQ-Guard;CO2;5 min;149;0.966;1.120;33.900;110.000;17.500;0.983;LAS_PID;indoor
chamber_meteo;Palas AQ-Guard;CO2;5 min;150;0.975;1.160;12.100;115.000;18.200;0.987;LAS_PID;indoor
chamber_meteo;Palas AQ-Guard;CO2;5 min;151;0.903;1.240;-133.000;34.300;5.440;0.950;LAS_PID;indoor
chamber_meteo;Palas AQ-Guard;CO2;5 min;mean;0.948;1.173;-29.000;86.433;13.713;0.973;LAS_PID;indoor
chamber_meteo;GMP-251;CO2;5 min;149;0.984;1.060;24.900;63.800;9.430;0.992;LAS_PID;indoor
chamber_meteo;GMP-251;CO2;5 min;150;0.949;1.070;18.600;70.000;10.300;0.974;LAS_PID;indoor
chamber_meteo;GMP-251;CO2;5 min;151;0.939;1.180;-155.000;38.900;5.740;0.969;LAS_PID;indoor
chamber_meteo;GMP-251;CO2;5 min;mean;0.960;1.100;-37.170;57.570;8.490;0.980;LAS_PID;indoor
chamber_meteo;Chamber;RH;5 min;149;0.834;0.766;5.800;10.100;20.500;0.913;LAS_PID;indoor
chamber_meteo;Chamber;RH;5 min;150;0.867;0.832;4.730;8.340;17.000;0.931;LAS_PID;indoor
chamber_meteo;Chamber;RH;5 min;151;0.870;0.798;7.710;7.680;15.700;0.944;LAS_PID;indoor
chamber_meteo;Chamber;RH;5 min;mean;0.857;0.799;6.080;8.710;17.700;0.929;LAS_PID;indoor
chamber_meteo;Chamber;air_temp;5 min;149;0.800;0.770;9.060;4.600;19.400;0.984;LAS_PID;indoor
chamber_meteo;Chamber;air_temp;5 min;150;0.831;0.796;7.410;3.660;15.400;0.912;LAS_PID;indoor
chamber_meteo;Chamber;air_temp;5 min;151;0.842;0.802;7.560;3.820;16.100;0.918;LAS_PID;indoor
chamber_meteo;Chamber;air_temp;5 min;mean;0.824;0.789;8.010;4.027;16.967;0.938;LAS_PID;indoor
chamber_meteo;Chamber;abs_hum;5 min;149;0.996;0.943;1.350;0.929;8.250;0.998;LAS_PID;indoor
chamber_meteo;Chamber;abs_hum;5 min;150;0.997;0.941;1.170;0.777;6.900;0.988;LAS_PID;indoor
chamber_meteo;Chamber;abs_hum;5 min;151;0.996;0.951;1.710;1.310;11.600;0.998;LAS_PID;indoor
chamber_meteo;Chamber;abs_hum;5 min;mean;0.996;0.945;1.410;1.005;8.917;0.995;LAS_PID;indoor
chamber_CO2;GMP-251;CO2;5 min;149;0.996;0.944;215.000;89.200;3.760;0.998;LAS_PID;indoor
chamber_CO2;GMP-251;CO2;5 min;150;0.991;0.950;223.000;114.000;4.800;0.996;LAS_PID;indoor
chamber_CO2;GMP-251;CO2;5 min;151;0.990;0.888;191.000;97.200;4.090;0.995;LAS_PID;indoor
chamber_CO2;GMP-251;CO2;5 min;mean;0.992;0.927;210.000;100.100;4.220;0.996;LAS_PID;indoor
chamber_CO2;GMP-251;CO2;1 hour;149;0.998;0.939;225.000;86.500;3.680;0.999;LAS_PID;indoor
chamber_CO2;GMP-251;CO2;1 hour;150;0.995;0.942;242.000;111.000;4.730;0.998;LAS_PID;indoor
chamber_CO2;GMP-251;CO2;1 hour;151;0.993;0.874;223.000;91.900;3.910;0.996;LAS_PID;indoor
chamber_CO2;GMP-251;CO2;1 hour;mean;0.995;0.918;230.000;96.500;4.110;0.998;LAS_PID;indoor
chamber_CO2;Palas AQ-Guard;CO2;5 min;149;0.997;1.050;81.200;183.000;8.390;0.999;LAS_PID;indoor
chamber_CO2;Palas AQ-Guard;CO2;5 min;150;0.996;1.040;118.000;213.000;9.780;0.998;LAS_PID;indoor
chamber_CO2;Palas AQ-Guard;CO2;5 min;151;0.990;0.983;66.600;45.600;2.090;0.995;LAS_PID;indoor
chamber_CO2;Palas AQ-Guard;CO2;5 min;mean;0.994;1.024;88.600;147.200;6.750;0.997;LAS_PID;indoor
chamber_actetone;Palas AQ-Guard;VOC;5 min;149;0.638;0.094;559.000;10673.000;97.700;0.799;LAS_PID;indoor
chamber_actetone;Palas AQ-Guard;VOC;5 min;150;0.466;0.085;565.000;10792.000;98.800;0.683;LAS_PID;indoor
chamber_actetone;Palas AQ-Guard;VOC;5 min;151;0.587;0.089;583.000;10714.000;98.100;0.766;LAS_PID;indoor
chamber_actetone;Palas AQ-Guard;VOC;5 min;mean;0.564;0.089;569.000;10726.000;98.200;0.749;LAS_PID;indoor
chamber_actetone;Palas AQ-Guard;PM02.5;5 min;149;0.985;0.936;-0.082;0.230;20.200;0.993;LAS_PID;indoor
chamber_actetone;Palas AQ-Guard;PM02.5;5 min;150;0.839;0.917;0.033;0.534;47.000;0.916;LAS_PID;indoor
chamber_actetone;Palas AQ-Guard;PM02.5;5 min;151;0.871;0.878;0.027;0.478;42.000;0.933;LAS_PID;indoor
chamber_actetone;Palas AQ-Guard;PM02.5;5 min;mean;0.898;0.910;-0.007;0.414;36.400;0.947;LAS_PID;indoor
chamber_actetone;Palas AQ-Guard;PM10;5 min;149;0.935;0.780;0.027;0.521;39.100;0.967;LAS_PID;indoor
chamber_actetone;Palas AQ-Guard;PM10;5 min;150;0.699;0.825;0.075;0.862;64.700;0.838;LAS_PID;indoor
chamber_actetone;Palas AQ-Guard;PM10;5 min;151;0.718;0.801;0.047;0.832;62.500;0.848;LAS_PID;indoor
chamber_actetone;Palas AQ-Guard;PM10;5 min;mean;0.784;0.802;0.049;0.738;55.400;0.884;LAS_PID;indoor
chamber_actetone;Palas AQ-Guard;VOC;1 hour;149;0.763;0.111;380.000;10635.000;95.100;0.873;LAS_PID;indoor
chamber_actetone;Palas AQ-Guard;VOC;1 hour;150;0.638;0.106;339.000;10740.000;96.000;0.798;LAS_PID;indoor
chamber_actetone;Palas AQ-Guard;VOC;1 hour;151;0.728;0.107;397.000;10671.000;95.400;0.853;LAS_PID;indoor
chamber_actetone;Palas AQ-Guard;VOC;1 hour;mean;0.710;0.108;372.000;10682.000;95.500;0.841;LAS_PID;indoor
chamber_actetone;Palas AQ-Guard;PM02.5;1 hour;149;0.986;0.957;-0.101;0.167;17.600;0.993;LAS_PID;indoor
chamber_actetone;Palas AQ-Guard;PM02.5;1 hour;150;0.927;0.980;-0.024;0.200;22.100;0.963;LAS_PID;indoor
chamber_actetone;Palas AQ-Guard;PM02.5;1 hour;151;0.940;0.922;-0.012;0.203;21.300;0.969;LAS_PID;indoor
chamber_actetone;Palas AQ-Guard;PM02.5;1 hour;mean;0.951;0.953;-0.046;0.190;20.333;0.975;LAS_PID;indoor
chamber_actetone;Palas AQ-Guard;PM10;1 hour;149;0.936;0.833;-0.033;0.314;23.810;0.967;LAS_PID;indoor
chamber_actetone;Palas AQ-Guard;PM10;1 hour;150;0.829;0.914;-0.014;0.361;32.300;0.911;LAS_PID;indoor
chamber_actetone;Palas AQ-Guard;PM10;1 hour;151;0.841;0.861;-0.007;0.363;32.500;0.917;LAS_PID;indoor
chamber_actetone;Palas AQ-Guard;PM10;1 hour;mean;0.869;0.869;-0.018;0.346;29.537;0.932;LAS_PID;indoor
chamber_PM;Palas AQ-Guard;VOC;5 min;149;0.072;0.020;423.000;2116.000;138.000;0.268;LAS_PID;indoor
chamber_PM;Palas AQ-Guard;VOC;5 min;150;0.011;0.008;378.000;2170.000;141.000;0.106;LAS_PID;indoor
chamber_PM;Palas AQ-Guard;VOC;5 min;151;0.051;0.018;432.000;2117.000;138.000;0.277;LAS_PID;indoor
chamber_PM;Palas AQ-Guard;VOC;5 min;mean;0.045;0.015;411.000;2134.333;139.000;0.217;LAS_PID;indoor
chamber_PM;Palas AQ-Guard;VOC_P3;5 min;151;0.000;-0.001;579.000;2089.000;136.000;-0.012;LAS_PID;indoor
chamber_PM;Palas AQ-Guard;PM02.5;5 min;149;0.956;0.660;0.837;15.100;85.600;0.879;LAS_PID;indoor
chamber_PM;Palas AQ-Guard;PM02.5;5 min;150;0.951;0.620;0.629;16.700;94.600;0.975;LAS_PID;indoor
chamber_PM;Palas AQ-Guard;PM02.5;5 min;151;0.945;0.585;0.836;18.100;103.000;0.972;LAS_PID;indoor
chamber_PM;Palas AQ-Guard;PM02.5;5 min;mean;0.951;0.622;0.767;16.633;94.400;0.942;LAS_PID;indoor
chamber_PM;Palas AQ-Guard;PM10;5 min;149;0.956;0.620;0.695;17.800;93.100;0.978;LAS_PID;indoor
chamber_PM;Palas AQ-Guard;PM10;5 min;150;0.938;0.735;0.735;19.800;103.000;0.969;LAS_PID;indoor
chamber_PM;Palas AQ-Guard;PM10;5 min;151;0.937;0.547;0.731;21.100;110.000;0.968;LAS_PID;indoor
chamber_PM;Palas AQ-Guard;PM10;5 min;mean;0.944;0.634;0.720;19.567;102.033;0.972;LAS_PID;indoor
chamber_PM;Palas AQ-Guard;VOC;1 hour;149;0.118;0.030;387.000;1824.000;113.000;0.344;LAS_PID;indoor
chamber_PM;Palas AQ-Guard;VOC;1 hour;150;0.069;0.021;338.000;1874.000;116.000;0.263;LAS_PID;indoor
chamber_PM;Palas AQ-Guard;VOC;1 hour;151;0.121;0.031;390.000;1819.000;113.000;0.347;LAS_PID;indoor
chamber_PM;Palas AQ-Guard;VOC;1 hour;mean;0.103;0.027;371.667;1839.000;114.000;0.318;LAS_PID;indoor
chamber_PM;Palas AQ-Guard;VOC_P3;1 hour;151;0.142;0.025;527.000;1746.000;108.000;0.377;LAS_PID;indoor
chamber_PM;Palas AQ-Guard;PM02.5;1 hour;149;0.984;0.654;0.732;12.300;69.200;0.992;LAS_PID;indoor
chamber_PM;Palas AQ-Guard;PM02.5;1 hour;150;0.970;0.607;0.865;14.000;78.900;0.985;LAS_PID;indoor
chamber_PM;Palas AQ-Guard;PM02.5;1 hour;151;0.969;0.570;0.901;15.200;85.700;0.984;LAS_PID;indoor
chamber_PM;Palas AQ-Guard;PM02.5;1 hour;mean;0.974;0.610;0.833;13.833;77.933;0.987;LAS_PID;indoor
chamber_PM;Palas AQ-Guard;PM10;1 hour;149;0.978;0.608;0.670;15.000;77.700;0.989;LAS_PID;indoor
chamber_PM;Palas AQ-Guard;PM10;1 hour;150;0.960;0.564;0.814;16.800;86.900;0.980;LAS_PID;indoor
chamber_PM;Palas AQ-Guard;PM10;1 hour;151;0.595;0.530;0.848;18.000;93.100;0.980;LAS_PID;indoor
chamber_PM;Palas AQ-Guard;PM10;1 hour;mean;0.844;0.567;0.777;16.600;85.900;0.983;LAS_PID;indoor
chamber_PM;Tropos;PM02.5;5 min;149;0.778;0.391;-1.180;74.500;84.500;0.878;LAS_PID;indoor
chamber_PM;Tropos;PM02.5;5 min;150;0.738;0.367;-0.133;76.600;86.800;0.859;LAS_PID;indoor
chamber_PM;Tropos;PM02.5;5 min;151;0.728;0.342;0.053;79.100;89.700;0.853;LAS_PID;indoor
chamber_PM;Tropos;PM02.5;5 min;mean;0.748;0.367;-0.420;76.733;87.000;0.863;LAS_PID;indoor
chamber_PM;Tropos;PM10;5 min;149;0.697;0.340;-0.592;89.300;89.400;0.835;LAS_PID;indoor
chamber_PM;Tropos;PM10;5 min;150;0.666;0.318;0.461;91.300;91.400;0.816;LAS_PID;indoor
chamber_PM;Tropos;PM10;5 min;151;0.657;0.297;0.611;93.800;93.900;0.810;LAS_PID;indoor
chamber_PM;Tropos;PM10;5 min;mean;0.673;0.318;0.160;91.467;91.567;0.820;LAS_PID;indoor
chamber_PM;Tropos;PM02.5;1 hour;149;0.764;0.365;0.448;64.000;78.200;0.874;LAS_PID;indoor
chamber_PM;Tropos;PM02.5;1 hour;150;0.697;0.320;2.630;66.700;81.600;0.835;LAS_PID;indoor
chamber_PM;Tropos;PM02.5;1 hour;151;0.697;0.300;2.670;68.500;83.700;0.835;LAS_PID;indoor
chamber_PM;Tropos;PM02.5;1 hour;mean;0.719;0.328;1.916;66.400;81.167;0.848;LAS_PID;indoor
chamber_PM;Tropos;PM10;1 hour;149;0.613;0.288;2.490;82.300;84.700;0.783;LAS_PID;indoor
chamber_PM;Tropos;PM10;1 hour;150;0.552;0.251;4.520;84.900;87.400;0.743;LAS_PID;indoor
chamber_PM;Tropos;PM10;1 hour;151;0.551;0.235;4.470;86.600;89.100;0.742;LAS_PID;indoor
chamber_PM;Tropos;PM10;1 hour;mean;0.572;0.258;3.827;84.600;87.067;0.756;LAS_PID;indoor
office;Palas AQ-Guard;RH;15 min;3F06;0.854;0.939;2.120;1.020;2.420;0.924;Thinnect;indoor
office;Palas AQ-Guard;RH;15 min;3F07;0.867;0.941;1.870;1.050;2.500;0.931;Thinnect;indoor
office;Palas AQ-Guard;RH;15 min;3FAD;0.865;0.966;1.230;0.874;2.070;0.930;Thinnect;indoor
office;Palas AQ-Guard;RH;15 min;mean;0.862;0.949;1.740;0.981;2.330;0.928;Thinnect;indoor
office;Palas AQ-Guard;air_temp;15 min;3F06;0.880;0.736;6.480;0.776;3.530;0.938;Thinnect;indoor
office;Palas AQ-Guard;air_temp;15 min;3F07;0.878;0.773;5.880;0.969;4.410;0.937;Thinnect;indoor
office;Palas AQ-Guard;air_temp;15 min;3FAD;0.854;0.830;4.180;0.603;2.750;0.924;Thinnect;indoor
office;Palas AQ-Guard;air_temp;15 min;mean;0.871;0.780;5.513;0.783;3.563;0.933;Thinnect;indoor
office;Palas AQ-Guard;CO2;15 min;3F06;0.954;0.953;51.100;75.200;7.660;0.977;Thinnect;indoor
office;Palas AQ-Guard;CO2;15 min;3F07;0.941;0.888;78.900;92.200;9.380;0.970;Thinnect;indoor
office;Palas AQ-Guard;CO2;15 min;3FAD;0.963;0.911;7.500;72.800;7.380;0.981;Thinnect;indoor
office;Palas AQ-Guard;CO2;15 min;mean;0.953;0.917;45.833;80.067;8.140;0.976;Thinnect;indoor
office;Palas AQ-Guard;abs_hum;15 min;3F06;0.972;1.050;-0.138;0.260;3.190;0.986;Thinnect;indoor
office;Palas AQ-Guard;abs_hum;15 min;3F07;0.972;1.050;-0.083;0.332;4.070;0.986;Thinnect;indoor
office;Palas AQ-Guard;abs_hum;15 min;3FAD;0.973;1.040;-0.169;0.215;2.630;0.987;Thinnect;indoor
office;Palas AQ-Guard;abs_hum;15 min;mean;0.972;1.047;-0.130;0.269;3.297;0.986;Thinnect;indoor
office;Palas AQ-Guard;RH;1 hour;3F06;0.875;0.906;3.530;0.938;2.240;0.935;Thinnect;indoor
office;Palas AQ-Guard;RH;1 hour;3F07;0.889;0.912;3.130;0.970;2.310;0.943;Thinnect;indoor
office;Palas AQ-Guard;RH;1 hour;3FAD;0.891;0.940;2.340;0.782;1.860;0.944;Thinnect;indoor
office;Palas AQ-Guard;RH;1 hour;mean;0.885;0.919;3.000;0.897;2.137;0.941;Thinnect;indoor
office;Palas AQ-Guard;air_temp;1 hour;3F06;0.921;0.776;5.600;0.754;3.390;0.960;Thinnect;indoor
office;Palas AQ-Guard;air_temp;1 hour;3F07;0.912;0.816;4.950;0.952;4.330;0.955;Thinnect;indoor
office;Palas AQ-Guard;air_temp;1 hour;3FAD;0.889;0.881;3.080;0.575;2.620;0.943;Thinnect;indoor
office;Palas AQ-Guard;air_temp;1 hour;mean;0.907;0.824;4.543;0.760;3.447;0.953;Thinnect;indoor
office;Palas AQ-Guard;CO2;1 hour;3F06;0.951;0.943;62.100;76.400;7.800;0.975;Thinnect;indoor
office;Palas AQ-Guard;CO2;1 hour;3F07;0.942;0.877;90.600;91.300;9.310;0.971;Thinnect;indoor
office;Palas AQ-Guard;CO2;1 hour;3FAD;0.963;0.901;80.400;72.900;7.410;0.981;Thinnect;indoor
office;Palas AQ-Guard;CO2;1 hour;mean;0.952;0.907;77.700;80.200;8.173;0.976;Thinnect;indoor
office;Palas AQ-Guard;abs_hum;1 hour;3F06;0.980;1.050;-0.166;0.260;3.190;0.990;Thinnect;indoor
office;Palas AQ-Guard;abs_hum;1 hour;3F07;0.977;1.050;-0.089;0.335;4.100;0.988;Thinnect;indoor
office;Palas AQ-Guard;abs_hum;1 hour;3FAD;0.976;1.040;-0.170;0.217;2.660;0.988;Thinnect;indoor
office;Palas AQ-Guard;abs_hum;1 hour;mean;0.978;1.047;-0.142;0.271;3.317;0.989;Thinnect;indoor
chamber_meteo;Palas AQ-Guard;RH;15 min;CE2B;0.856;0.992;-2.740;7.910;17.300;0.925;Thinnect;indoor
chamber_meteo;Palas AQ-Guard;RH;15 min;3F06;0.667;0.924;4.270;9.830;22.000;0.817;Thinnect;indoor
chamber_meteo;Palas AQ-Guard;RH;15 min;3F07;0.720;0.957;2.200;9.010;20.500;0.848;Thinnect;indoor
chamber_meteo;Palas AQ-Guard;RH;15 min;3FAD;0.616;0.843;6.880;10.600;25.200;0.785;Thinnect;indoor
chamber_meteo;Palas AQ-Guard;RH;15 min;mean;0.715;0.929;2.653;9.338;21.250;0.844;Thinnect;indoor
chamber_meteo;Palas AQ-Guard;air_temp;15 min;CE2B;0.913;0.911;3.380;2.000;8.100;0.956;Thinnect;indoor
chamber_meteo;Palas AQ-Guard;air_temp;15 min;3F06;0.764;0.687;8.340;2.690;11.200;0.874;Thinnect;indoor
chamber_meteo;Palas AQ-Guard;air_temp;15 min;3F07;0.781;0.708;7.160;2.380;9.820;0.884;Thinnect;indoor
chamber_meteo;Palas AQ-Guard;air_temp;15 min;3FAD;0.698;0.619;9.490;2.880;11.800;0.835;Thinnect;indoor
chamber_meteo;Palas AQ-Guard;air_temp;15 min;mean;0.789;0.731;7.093;2.488;10.230;0.887;Thinnect;indoor
chamber_meteo;Palas AQ-Guard;abs_hum;15 min;CE2B;0.920;1.020;-0.266;2.000;18.100;0.959;Thinnect;indoor
chamber_meteo;Palas AQ-Guard;abs_hum;15 min;3F06;0.964;1.090;-0.203;0.997;10.200;0.982;Thinnect;indoor
chamber_meteo;Palas AQ-Guard;abs_hum;15 min;3F07;0.868;1.080;-0.498;1.460;15.200;0.932;Thinnect;indoor
chamber_meteo;Palas AQ-Guard;abs_hum;15 min;3FAD;0.901;0.985;0.357;1.260;13.400;0.949;Thinnect;indoor
chamber_meteo;Palas AQ-Guard;abs_hum;15 min;mean;0.913;1.044;-0.153;1.429;14.225;0.956;Thinnect;indoor
chamber_meteo;Palas AQ-Guard;CO2;15 min;CE2B;0.863;1.180;-199.000;86.400;13.200;0.929;Thinnect;indoor
chamber_meteo;Palas AQ-Guard;CO2;15 min;3F06;0.972;1.250;-98.000;65.500;10.400;0.986;Thinnect;indoor
chamber_meteo;Palas AQ-Guard;CO2;15 min;3F07;0.990;1.070;1.640;47.400;7.500;0.995;Thinnect;indoor
chamber_meteo;Palas AQ-Guard;CO2;15 min;3FAD;0.965;1.200;-74.900;54.900;8.700;0.983;Thinnect;indoor
chamber_meteo;Palas AQ-Guard;CO2;15 min;mean;0.948;1.175;-92.565;63.550;9.950;0.973;Thinnect;indoor
chamber_meteo;GMP-251;CO2;15 min;CE2B;0.656;0.916;-73.500;136.000;19.300;0.810;Thinnect;indoor
chamber_meteo;GMP-251;CO2;15 min;3F06;0.953;1.100;-53.300;23.500;3.460;0.976;Thinnect;indoor
chamber_meteo;GMP-251;CO2;15 min;3F07;0.968;0.941;38.800;12.800;1.880;0.984;Thinnect;indoor
chamber_meteo;GMP-251;CO2;15 min;3FAD;0.898;1.020;-10.100;24.900;3.680;0.948;Thinnect;indoor
chamber_meteo;GMP-251;CO2;15 min;mean;0.869;0.994;-24.525;49.300;7.080;0.930;Thinnect;indoor
chamber_meteo;Chamber;RH;15 min;CE2B;0.813;0.843;0.934;11.200;22.600;0.902;Thinnect;indoor
chamber_meteo;Chamber;RH;15 min;3F06;0.565;0.300;10.100;12.400;25.600;0.752;Thinnect;indoor
chamber_meteo;Chamber;RH;15 min;3F07;0.603;0.729;9.270;12.300;25.700;0.777;Thinnect;indoor
chamber_meteo;Chamber;RH;15 min;3FAD;0.425;0.599;15.200;14.800;32.800;0.652;Thinnect;indoor
chamber_meteo;Chamber;RH;15 min;mean;0.602;0.618;8.876;12.675;26.675;0.771;Thinnect;indoor
chamber_meteo;Chamber;air_temp;15 min;CE2B;0.791;0.813;6.320;3.210;13.300;0.889;Thinnect;indoor
chamber_meteo;Chamber;air_temp;15 min;3F06;0.666;0.627;10.200;3.410;14.500;0.816;Thinnect;indoor
chamber_meteo;Chamber;air_temp;15 min;3F07;0.646;0.557;11.200;3.580;15.200;0.804;Thinnect;indoor
chamber_meteo;Chamber;air_temp;15 min;3FAD;0.545;0.471;13.400;4.160;17.600;0.738;Thinnect;indoor
chamber_meteo;Chamber;air_temp;15 min;mean;0.662;0.617;10.280;3.590;15.150;0.812;Thinnect;indoor
chamber_meteo;Chamber;abs_hum;15 min;CE2B;0.925;0.905;0.461;2.160;18.600;0.962;Thinnect;indoor
chamber_meteo;Chamber;abs_hum;15 min;3F06;0.939;0.993;0.288;0.940;9.260;0.969;Thinnect;indoor
chamber_meteo;Chamber;abs_hum;15 min;3F07;0.828;0.949;0.345;1.630;16.200;0.910;Thinnect;indoor
chamber_meteo;Chamber;abs_hum;15 min;3FAD;0.877;0.881;1.040;1.470;15.100;0.937;Thinnect;indoor
chamber_meteo;Chamber;abs_hum;15 min;mean;0.892;0.932;0.534;1.550;14.790;0.945;Thinnect;indoor
chamber_CO2;GMP-251;CO2;15 min;CE2B;0.965;0.861;146;215;8.48;0.982;Thinnect;indoor
chamber_CO2;GMP-251;CO2;15 min;3F06;0.992;0.836;398;81.2;3.56;0.996;Thinnect;indoor
chamber_CO2;GMP-251;CO2;15 min;3F07;0.994;0.879;195;100;4.43;0.997;Thinnect;indoor
chamber_CO2;GMP-251;CO2;15 min;3FAD;0.979;0.791;421;122;5.31;0.99;Thinnect;indoor
chamber_CO2;GMP-251;CO2;15 min;mean;0.983;0.842;290.000;129.550;5.445;0.991;Thinnect;indoor
chamber_CO2;GMP-251;CO2;1 hour;CE2B;0.975;0.862;141;217;8.55;0.987;Thinnect;indoor
chamber_CO2;GMP-251;CO2;1 hour;3F06;0.984;0.876;285;74;3.24;0.992;Thinnect;indoor
chamber_CO2;GMP-251;CO2;1 hour;3F07;0.992;0.891;179;92.8;4.07;0.996;Thinnect;indoor
chamber_CO2;GMP-251;CO2;1 hour;3FAD;0.966;0.837;310;119;5.17;0.983;Thinnect;indoor
chamber_CO2;GMP-251;CO2;1 hour;mean;0.979;0.867;228.750;125.700;5.258;0.990;Thinnect;indoor
chamber_CO2;Palas AQ-Guard;CO2;15 min;CE2B;0.991;0.977;-30.3;89.1;3.72;0.995;Thinnect;indoor
chamber_CO2;Palas AQ-Guard;CO2;15 min;3F06;0.99;0.923;288;130;6.05;0.995;Thinnect;indoor
chamber_CO2;Palas AQ-Guard;CO2;15 min;3F07;0.997;0.96;111;35.1;1.65;0.999;Thinnect;indoor
chamber_CO2;Palas AQ-Guard;CO2;15 min;3FAD;0.986;0.874;317;75.7;3.5;0.993;Thinnect;indoor
chamber_CO2;Palas AQ-Guard;CO2;15 min;mean;0.991;0.934;171.425;82.475;3.730;0.996;Thinnect;indoor
chamber_CO2;Palas AQ-Guard;VOC;15 min;CE2B;0.561;0.234;-0.274;6.59;91.5;0.749;Thinnect;indoor
chamber_actetone;Palas AQ-Guard;VOC;15 min;CE2B;0.00077;0.00177;1.28;57.7;108;0.028;Thinnect;indoor
chamber_actetone;Palas AQ-Guard;VOC;1 hour;CE2B;0.0504;-0.0137;2.06;57.2;107;-0.224;Thinnect;indoor
office;Palas AQ-Guard;RH;5 min;17;0.853;0.641;4.03;11.1;26.4;0.923;Wings;indoor
office;Palas AQ-Guard;RH;5 min;18;0.876;0.796;0.923;7.68;18.3;0.936;Wings;indoor
office;Palas AQ-Guard;RH;5 min;19;0.858;0.699;4.31;8.36;20;0.926;Wings;indoor
office;Palas AQ-Guard;RH;5 min;mean;0.862;0.712;3.088;9.047;21.567;0.928;Wings;indoor
office;Palas AQ-Guard;air_temp;5 min;17;0.83;0.736;10.6;4.83;21.9;0.911;Wings;indoor
office;Palas AQ-Guard;air_temp;5 min;18;0.844;0.738;8.45;2.69;12.2;0.919;Wings;indoor
office;Palas AQ-Guard;air_temp;5 min;19;0.827;0.765;8.41;43.25;14.7;0.91;Wings;indoor
office;Palas AQ-Guard;air_temp;5 min;mean;0.834;0.746;9.153;16.923;16.267;0.913;Wings;indoor
office;Palas AQ-Guard;CO2;5 min;17;0.549;0.353;389;352;35.7;0.741;Wings;indoor
office;Palas AQ-Guard;CO2;5 min;18;0.549;0.348;400;349;35.4;0.741;Wings;indoor
office;Palas AQ-Guard;CO2;5 min;19;0.543;0.344;390;358;36.4;0.737;Wings;indoor
office;Palas AQ-Guard;CO2;5 min;mean;0.547;0.348;393.000;353.000;35.833;0.740;Wings;indoor
office;Palas AQ-Guard;VOC;5 min;17;0.126;0.108;192;1039;89.9;0.356;Wings;indoor
office;Palas AQ-Guard;VOC;5 min;18;0.138;0.115;191;1030;89.2;0.371;Wings;indoor
office;Palas AQ-Guard;VOC;5 min;19;0.133;0.105;177;1051;91.1;0.364;Wings;indoor
office;Palas AQ-Guard;VOC;5 min;mean;0.132;0.109;186.667;1040.000;90.067;0.364;Wings;indoor
office;Palas AQ-Guard;PM01;5 min;17;0.977;0.921;0.0139;0.424;21.6;0.988;Wings;indoor
office;Palas AQ-Guard;PM01;5 min;18;0.986;0.98;-0.151;0.344;17.5;0.993;Wings;indoor
office;Palas AQ-Guard;PM01;5 min;19;0.986;1.1;-0.159;0.387;19.9;0.993;Wings;indoor
office;Palas AQ-Guard;PM01;5 min;mean;0.983;1.000;-0.099;0.385;19.667;0.991;Wings;indoor
office;Palas AQ-Guard;PM02.5;5 min;17;0.964;0.833;-0.0014;0.76;33.2;0.982;Wings;indoor
office;Palas AQ-Guard;PM02.5;5 min;18;0.974;0.898;-0.168;0.648;28.3;0.987;Wings;indoor
office;Palas AQ-Guard;PM02.5;5 min;19;0.971;1.01;-0.184;0.507;22.4;0.985;Wings;indoor
office;Palas AQ-Guard;PM02.5;5 min;mean;0.970;0.914;-0.118;0.638;27.967;0.985;Wings;indoor
office;Palas AQ-Guard;PM10;5 min;17;0.876;0.658;-0.0475;1.93;60.9;0.936;Wings;indoor
office;Palas AQ-Guard;PM10;5 min;18;0.873;0.7;-0.191;1.78;59.4;0.934;Wings;indoor
office;Palas AQ-Guard;PM10;5 min;19;0.865;0.79;-0.203;1.52;51.2;0.93;Wings;indoor
office;Palas AQ-Guard;PM10;5 min;mean;0.871;0.716;-0.147;1.743;57.167;0.933;Wings;indoor
office;Palas AQ-Guard;abs_hum;5 min;17;0.957;0.878;0.729;0.306;3.74;0.978;Wings;indoor
office;Palas AQ-Guard;abs_hum;5 min;18;0.968;0.93;0.179;0.411;5.02;0.984;Wings;indoor
office;Palas AQ-Guard;abs_hum;5 min;19;0.959;0.982;0.577;0.334;4.08;0.98;Wings;indoor
office;Palas AQ-Guard;abs_hum;5 min;mean;0.961;0.930;0.495;0.350;4.280;0.981;Wings;indoor
office;Palas AQ-Guard;RH;1 hour;17;0.885;0.638;4.13;11.1;26.4;0.941;Wings;indoor
office;Palas AQ-Guard;RH;1 hour;18;0.909;0.794;0.983;7.66;18.3;0.953;Wings;indoor
office;Palas AQ-Guard;RH;1 hour;19;0.982;0.697;4.38;8.36;20;0.944;Wings;indoor
office;Palas AQ-Guard;RH;1 hour;mean;0.925;0.710;3.164;9.040;21.567;0.946;Wings;indoor
office;Palas AQ-Guard;air_temp;1 hour;17;0.89;0.792;9.41;4.82;21.8;0.944;Wings;indoor
office;Palas AQ-Guard;air_temp;1 hour;18;0.903;0.78;7.51;2.68;21.1;0.95;Wings;indoor
office;Palas AQ-Guard;air_temp;1 hour;19;0.889;0.822;7.16;3.24;14.7;0.943;Wings;indoor
office;Palas AQ-Guard;air_temp;1 hour;mean;0.894;0.798;8.027;3.580;19.200;0.946;Wings;indoor
office;Palas AQ-Guard;CO2;1 hour;17;0.55;0.352;390;352;35.6;0.742;Wings;indoor
office;Palas AQ-Guard;CO2;1 hour;18;0.551;0.35;397;345;35;0.742;Wings;indoor
office;Palas AQ-Guard;CO2;1 hour;19;0.542;0.344;389;357;36.2;0.736;Wings;indoor
office;Palas AQ-Guard;CO2;1 hour;mean;0.548;0.349;392.000;351.333;35.600;0.740;Wings;indoor
office;Palas AQ-Guard;VOC;1 hour;17;0.143;0.112;189;1046;89.8;0.378;Wings;indoor
office;Palas AQ-Guard;VOC;1 hour;18;0.14;0.115;191;1024;88.5;0.374;Wings;indoor
office;Palas AQ-Guard;VOC;1 hour;19;0.142;0.105;177;1057;91;0.377;Wings;indoor
office;Palas AQ-Guard;VOC;1 hour;mean;0.142;0.111;185.667;1042.333;89.767;0.376;Wings;indoor
office;Palas AQ-Guard;PM01;1 hour;17;0.882;0.936;0.0285;0.896;44.5;0.939;Wings;indoor
office;Palas AQ-Guard;PM01;1 hour;18;0.995;0.998;-0.18;0.257;12.8;0.998;Wings;indoor
office;Palas AQ-Guard;PM01;1 hour;19;0.995;1.11;-0.169;0.322;16.4;0.997;Wings;indoor
office;Palas AQ-Guard;PM01;1 hour;mean;0.957;1.015;-0.107;0.492;24.567;0.978;Wings;indoor
office;Palas AQ-Guard;PM02.5;1 hour;17;0.882;0.847;0.0097;1.09;46;0.939;Wings;indoor
office;Palas AQ-Guard;PM02.5;1 hour;18;0.986;0.91;-0.194;0.586;24.8;0.993;Wings;indoor
office;Palas AQ-Guard;PM02.5;1 hour;19;0.983;1.02;-0.196;0.406;17.6;0.991;Wings;indoor
office;Palas AQ-Guard;PM02.5;1 hour;mean;0.950;0.926;-0.127;0.694;29.467;0.974;Wings;indoor
office;Palas AQ-Guard;PM10;1 hour;17;0.854;0.698;-0.13;1.86;59.8;0.924;Wings;indoor
office;Palas AQ-Guard;PM10;1 hour;18;0.912;0.73;-0.281;1.07;54.9;0.955;Wings;indoor
office;Palas AQ-Guard;PM10;1 hour;19;0.896;0.81;-0.269;1.42;46.7;0.947;Wings;indoor
office;Palas AQ-Guard;PM10;1 hour;mean;0.887;0.746;-0.227;1.450;53.800;0.942;Wings;indoor
office;Palas AQ-Guard;abs_hum;1 hour;17;0.98;0.898;0.565;0.288;3.52;0.99;Wings;indoor
office;Palas AQ-Guard;abs_hum;1 hour;18;0.989;0.942;0.081;0.399;4.88;0.994;Wings;indoor
office;Palas AQ-Guard;abs_hum;1 hour;19;0.984;0.916;0.381;0.316;3.86;0.992;Wings;indoor
office;Palas AQ-Guard;abs_hum;1 hour;mean;0.984;0.919;0.342;0.334;4.087;0.992;Wings;indoor
office;Palas AQ-Guard;RH;10 min;1602;0.903;1.03;-5.13;3.95;9.44;0.95;Wings;outdoor
office;Palas AQ-Guard;RH;10 min;1603;0.931;0.982;-3.25;4.07;9.7;0.965;Wings;outdoor
office;Palas AQ-Guard;RH;10 min;1604;0.923;0.949;-3.45;5.63;13.4;0.961;Wings;outdoor
office;Palas AQ-Guard;RH;10 min;mean;0.919;0.987;-3.943;4.550;10.847;0.959;Wings;outdoor
office;Palas AQ-Guard;air_temp;10 min;1602;0.836;0.966;1.18;0.61;2.76;0.914;Wings;outdoor
office;Palas AQ-Guard;air_temp;10 min;1603;0.882;0.945;1.07;0.379;1.71;0.939;Wings;outdoor
office;Palas AQ-Guard;air_temp;10 min;1604;0.849;0.873;4.26;1.5;6.79;0.922;Wings;outdoor
office;Palas AQ-Guard;air_temp;10 min;mean;0.856;0.928;2.170;0.830;3.753;0.925;Wings;outdoor
office;Palas AQ-Guard;PM01;10 min;1602;0.079;0.08;2.35;2.46;124;0.281;Wings;outdoor
office;Palas AQ-Guard;PM01;10 min;1603;0.034;0.199;5.8;5.26;271;0.185;Wings;outdoor
office;Palas AQ-Guard;PM01;10 min;1604;0.035;0.233;3.04;3.91;198;0.187;Wings;outdoor
office;Palas AQ-Guard;PM01;10 min;mean;0.049;0.171;3.730;3.877;197.667;0.218;Wings;outdoor
office;Palas AQ-Guard;PM02.5;10 min;1602;0.015;-0.138;8.8;7.71;334;-0.122;Wings;outdoor
office;Palas AQ-Guard;PM02.5;10 min;1603;0.085;0.0569;11.9;10.2;440;0.292;Wings;outdoor
office;Palas AQ-Guard;PM02.5;10 min;1604;0.064;0.215;7.86;6.89;299;0.253;Wings;outdoor
office;Palas AQ-Guard;PM02.5;10 min;mean;0.055;0.045;9.520;8.267;357.667;0.141;Wings;outdoor
office;Palas AQ-Guard;PM10;10 min;1602;0.089;0.387;29.6;25.5;845;0.298;Wings;outdoor
office;Palas AQ-Guard;PM10;10 min;1603;0.046;0.861;40.4;42.4;1403;0.214;Wings;outdoor
office;Palas AQ-Guard;PM10;10 min;1604;0.068;1.26;18.8;25.6;846;0.261;Wings;outdoor
office;Palas AQ-Guard;PM10;10 min;mean;0.068;0.836;29.600;31.167;1031.333;0.258;Wings;outdoor
office;Palas AQ-Guard;abs_hum;10 min;1602;0.987;0.958;-0.229;0.577;7.05;0.994;Wings;outdoor
office;Palas AQ-Guard;abs_hum;10 min;1603;0.989;0.925;-0.225;0.852;10.4;0.994;Wings;outdoor
office;Palas AQ-Guard;abs_hum;10 min;1604;0.985;0.958;-0.139;0.488;5.96;0.992;Wings;outdoor
office;Palas AQ-Guard;abs_hum;10 min;mean;0.987;0.947;-0.198;0.639;7.803;0.993;Wings;outdoor
office;Palas AQ-Guard;RH;1 hour;1602;0.916;1.02;-4.81;3.94;9.41;0.957;Wings;outdoor
office;Palas AQ-Guard;RH;1 hour;1603;0.946;0.975;-2.96;4.06;9.68;0.973;Wings;outdoor
office;Palas AQ-Guard;RH;1 hour;1604;0.941;0.939;-3.04;5.62;14.3;0.97;Wings;outdoor
office;Palas AQ-Guard;RH;1 hour;mean;0.934;0.978;-3.603;4.540;11.130;0.967;Wings;outdoor
office;Palas AQ-Guard;air_temp;1 hour;1602;0.877;1.01;0.237;0.569;2.58;0.937;Wings;outdoor
office;Palas AQ-Guard;air_temp;1 hour;1603;0.922;0.994;-0.0106;0.312;1.41;0.96;Wings;outdoor
office;Palas AQ-Guard;air_temp;1 hour;1604;0.898;0.927;3.07;1.49;6.74;0.948;Wings;outdoor
office;Palas AQ-Guard;air_temp;1 hour;mean;0.899;0.977;1.099;0.790;3.577;0.948;Wings;outdoor
office;Palas AQ-Guard;PM01;1 hour;1602;0.092;0.0931;2.36;22.49;124;0.304;Wings;outdoor
office;Palas AQ-Guard;PM01;1 hour;1603;0.4;0.21;5.81;5.38;267;0.199;Wings;outdoor
office;Palas AQ-Guard;PM01;1 hour;1604;0.048;0.269;3.03;3.93;195;0.218;Wings;outdoor
office;Palas AQ-Guard;PM01;1 hour;mean;0.180;0.191;3.733;10.600;195.333;0.240;Wings;outdoor
office;Palas AQ-Guard;PM02.5;1 hour;1602;0.012;-0.12;8.79;7.71;326;-0.109;Wings;outdoor
office;Palas AQ-Guard;PM02.5;1 hour;1603;0.125;0.0785;11.9;10.2;430;0.353;Wings;outdoor
office;Palas AQ-Guard;PM02.5;1 hour;1604;0.092;0.259;7.83;6.9;292;0.303;Wings;outdoor
office;Palas AQ-Guard;PM02.5;1 hour;mean;0.076;0.073;9.507;8.270;349.333;0.182;Wings;outdoor
office;Palas AQ-Guard;PM10;1 hour;1602;0.122;0.461;26.8;25.6;824;0.349;Wings;outdoor
office;Palas AQ-Guard;PM10;1 hour;1603;0.061;0.98;40.3;42.6;1371;0.247;Wings;outdoor
office;Palas AQ-Guard;PM10;1 hour;1604;0.096;1.49;18.4;26;836;0.31;Wings;outdoor
office;Palas AQ-Guard;PM10;1 hour;mean;0.093;0.977;28.500;31.400;1010.333;0.302;Wings;outdoor
office;Palas AQ-Guard;abs_hum;1 hour;1602;0.992;0.961;-0.254;0.574;7.01;0.996;Wings;outdoor
office;Palas AQ-Guard;abs_hum;1 hour;1603;0.993;0.929;-0.264;0.85;10.4;0.997;Wings;outdoor
office;Palas AQ-Guard;abs_hum;1 hour;1604;0.989;0.963;-0.178;0.483;5.9;0.994;Wings;outdoor
office;Palas AQ-Guard;abs_hum;1 hour;mean;0.991;0.951;-0.232;0.636;7.770;0.996;Wings;outdoor
rootop;Palas AQ-Guard;RH;10 min;1602;0.868;1.44;-19.9;6.78;13.8;0.932;Wings;outdoor
rootop;Palas AQ-Guard;RH;10 min;1603;0.853;1.37;-16.7;6.31;12.9;0.923;Wings;outdoor
rootop;Palas AQ-Guard;RH;10 min;1604;0.905;1.38;-20.6;5.67;11.6;0.952;Wings;outdoor
rootop;Palas AQ-Guard;RH;10 min;mean;0.875;1.397;-19.067;6.253;12.767;0.936;Wings;outdoor
rootop;Palas AQ-Guard;air_temp;10 min;1602;0.848;1.6;-11.6;3.25;17.8;0.921;Wings;outdoor
rootop;Palas AQ-Guard;air_temp;10 min;1603;0.836;1.55;-11.6;3.46;18.9;0.915;Wings;outdoor
rootop;Palas AQ-Guard;air_temp;10 min;1604;0.883;1.69;-10.8;3.72;20.4;0.94;Wings;outdoor
rootop;Palas AQ-Guard;air_temp;10 min;mean;0.856;1.613;-11.333;3.477;19.033;0.925;Wings;outdoor
rootop;Palas AQ-Guard;PM01;10 min;1602;0.851;0.121;0.031;5.59;100;0.923;Wings;outdoor
rootop;Palas AQ-Guard;PM01;10 min;1603;0.785;0.847;-0.756;2.17;38.9;0.886;Wings;outdoor
rootop;Palas AQ-Guard;PM01;10 min;1604;0.851;0.382;-0.235;4.18;74.9;0.923;Wings;outdoor
rootop;Palas AQ-Guard;PM01;10 min;mean;0.829;0.450;-0.320;3.980;71.267;0.911;Wings;outdoor
rootop;Palas AQ-Guard;PM02.5;10 min;1602;0.778;0.125;0.161;5.75;96.8;0.882;Wings;outdoor
rootop;Palas AQ-Guard;PM02.5;10 min;1603;0.782;0.871;-0.5;1.97;33.2;0.884;Wings;outdoor
rootop;Palas AQ-Guard;PM02.5;10 min;1604;0.863;0.386;0.13;4.05;68.1;0.929;Wings;outdoor
rootop;Palas AQ-Guard;PM02.5;10 min;mean;0.808;0.461;-0.070;3.923;66.033;0.898;Wings;outdoor
rootop;Palas AQ-Guard;PM10;10 min;1602;0.804;0.12;0.091;6.59;97;0.897;Wings;outdoor
rootop;Palas AQ-Guard;PM10;10 min;1603;0.74;0.798;-0.742;2.73;40.2;0.86;Wings;outdoor
rootop;Palas AQ-Guard;PM10;10 min;1604;0.858;0.362;-0.024;4.88;71-8;0.927;Wings;outdoor
rootop;Palas AQ-Guard;PM10;10 min;mean;0.801;0.427;-0.225;4.733;68.600;0.895;Wings;outdoor
rootop;Palas AQ-Guard;abs_hum;10 min;1602;0.835;0.957;0.0303;0.413;5.5;0.914;Wings;outdoor
rootop;Palas AQ-Guard;abs_hum;10 min;1603;0.921;0.906;-0.012;0.748;9.96;0.96;Wings;outdoor
rootop;Palas AQ-Guard;abs_hum;10 min;1604;0.845;1.07;-0.326;0.378;5.03;0.919;Wings;outdoor
rootop;Palas AQ-Guard;abs_hum;10 min;mean;0.867;0.978;-0.103;0.513;6.830;0.931;Wings;outdoor
rootop;Palas AQ-Guard;RH;1 hour;1602;0.872;1.44;-19.9;6.67;13.6;0.934;Wings;outdoor
rootop;Palas AQ-Guard;RH;1 hour;1603;0.857;1.37;-16.8;6.2;12.7;0.926;Wings;outdoor
rootop;Palas AQ-Guard;RH;1 hour;1604;0.908;1.39;-20.8;5.6;11.4;0.953;Wings;outdoor
rootop;Palas AQ-Guard;RH;1 hour;mean;0.879;1.400;-19.167;6.157;12.567;0.938;Wings;outdoor
rootop;Palas AQ-Guard;air_temp;1 hour;1602;0.852;1.6;-11.5;3.17;17.4;0.923;Wings;outdoor
rootop;Palas AQ-Guard;air_temp;1 hour;1603;0.841;1.55;-11.6;3.39;18.6;0.917;Wings;outdoor
rootop;Palas AQ-Guard;air_temp;1 hour;1604;0.89;1.68;-10.6;3.63;19.8;0.943;Wings;outdoor
rootop;Palas AQ-Guard;air_temp;1 hour;mean;0.861;1.610;-11.233;3.397;18.600;0.928;Wings;outdoor
rootop;Palas AQ-Guard;PM01;1 hour;1602;0.869;0.123;0.022;5.56;99.7;0.932;Wings;outdoor
rootop;Palas AQ-Guard;PM01;1 hour;1603;0.8;0.86;-0.829;2.13;38.1;0.984;Wings;outdoor
rootop;Palas AQ-Guard;PM01;1 hour;1604;0.883;0.388;-0.269;4.15;74.5;0.939;Wings;outdoor
rootop;Palas AQ-Guard;PM01;1 hour;mean;0.851;0.457;-0.359;3.947;70.767;0.952;Wings;outdoor
rootop;Palas AQ-Guard;PM02.5;1 hour;1602;0.829;0.127;0.151;5.73;96.4;0.911;Wings;outdoor
rootop;Palas AQ-Guard;PM02.5;1 hour;1603;0.802;0.884;-0.579;1.9;32;0.896;Wings;outdoor
rootop;Palas AQ-Guard;PM02.5;1 hour;1604;0.896;0.391;0.102;4.02;67.6;0.947;Wings;outdoor
rootop;Palas AQ-Guard;PM02.5;1 hour;mean;0.842;0.467;-0.109;3.883;65.333;0.918;Wings;outdoor
rootop;Palas AQ-Guard;PM10;1 hour;1602;0.852;0.122;0.0784;6.55;96.6;0.923;Wings;outdoor
rootop;Palas AQ-Guard;PM10;1 hour;1603;0.763;0.871;-0.871;2.66;39.2;0.873;Wings;outdoor
rootop;Palas AQ-Guard;PM10;1 hour;1604;0.89;0.368;-0.0662;4.84;71.4;0.943;Wings;outdoor
rootop;Palas AQ-Guard;PM10;1 hour;mean;0.835;0.454;-0.286;4.683;69.067;0.913;Wings;outdoor
rootop;Palas AQ-Guard;abs_hum;1 hour;1602;0.841;0.96;0.006;0.409;5.45;0.917;Wings;outdoor
rootop;Palas AQ-Guard;abs_hum;1 hour;1603;0.926;0.908;-0.034;0.747;9.94;0.962;Wings;outdoor
rootop;Palas AQ-Guard;abs_hum;1 hour;1604;0.854;1.08;-0.36;0.37;4.92;0.924;Wings;outdoor
rootop;Palas AQ-Guard;abs_hum;1 hour;mean;0.874;0.983;-0.129;0.509;6.770;0.934;Wings;outdoor
rootop;chem. Tropos;O3;1 hour;1602;0.334;-0.491;68.7;41.8;209;-0.578;Wings;outdoor
rootop;chem. Tropos;O3;1 hour;1603;0.304;1.74;18.5;41.9;210;0.551;Wings;outdoor
rootop;chem. Tropos;O3;1 hour;1604;0.0111;0.616;74.1;85.5;428;0.105;Wings;outdoor
rootop;chem. Tropos;O3;1 hour;mean;0.381;0.712;40.293;42.427;213.443;0.253;Wings;outdoor
rootop;chem. Tropos;NO;1 hour;1602;0.0019;-0.0402;2.26;1.38;139;-0.043;Wings;outdoor
rootop;chem. Tropos;NO;1 hour;1603;0.0073;-0.151;0.524;1.15;116;-0.085;Wings;outdoor
rootop;chem. Tropos;NO;1 hour;1604;0;-0.0037;0.904;0.921;92.7;-0.002;Wings;outdoor
rootop;chem. Tropos;NO;1 hour;mean;0.003;-0.065;1.229;1.150;115.900;-0.043;Wings;outdoor
rootop;chem. Tropos;SO2;1 hour;1602;0.232;18;-38;8.56;341;0.481;Wings;outdoor
rootop;chem. Tropos;SO2;1 hour;1603;0.056;6.26;-13.4;5.09;203;0.236;Wings;outdoor
rootop;chem. Tropos;SO2;1 hour;1604;0.23;13.5;-29.3;5.71;228;0.48;Wings;outdoor
rootop;chem. Tropos;SO2;1 hour;mean;0.173;12.587;-26.900;6.453;257.333;0.399;Wings;outdoor
rootop;chem. Tropos;NO2;1 hour;1602;0.178;12.6;19.9;55.3;1988;0.422;Wings;outdoor
rootop;chem. Tropos;NO2;1 hour;1603;0.0374;-1.97;9.81;6.71;241;-0.194;Wings;outdoor
rootop;chem. Tropos;NO2;1 hour;1604;0.119;15.8;3.31;52.8;18989;0.344;Wings;outdoor
rootop;chem. Tropos;NO2;1 hour;mean;0.111;8.810;11.007;38.270;7072.667;0.191;Wings;outdoor
rootop;chem. Tropos;O3;10 min;1602;0.324;-0.485;68.6;41.8;210;-0.569;Wings;outdoor
rootop;chem. Tropos;O3;10 min;1603;0.296;1.73;18.8;42.2;211;0.544;Wings;outdoor
rootop;chem. Tropos;O3;10 min;1604;0.009;0.594;74.6;87.9;440;0.0959;Wings;outdoor
rootop;chem. Tropos;O3;10 min;mean;0.210;0.613;54.000;57.300;287.000;0.024;Wings;outdoor
rootop;chem. Tropos;NO;10 min;1602;0.0019;-0.0286;2.26;1.41;141;-0.043;Wings;outdoor
rootop;chem. Tropos;NO;10 min;1603;0.0058;-0.131;0.504;1.2;121;-0.076;Wings;outdoor
rootop;chem. Tropos;NO;10 min;1604;0;-0.0033;0.903;0.969;97.3;-0.002;Wings;outdoor
rootop;chem. Tropos;NO;10 min;mean;0.003;-0.054;1.222;1.193;119.767;-0.040;Wings;outdoor
rootop;chem. Tropos;SO2;10 min;1602;0.17;13.7;-27.1;8.67;346;0.412;Wings;outdoor
rootop;chem. Tropos;SO2;10 min;1603;0.0327;4.42;-8.72;5.38;214;0.181;Wings;outdoor
rootop;chem. Tropos;SO2;10 min;1604;0.152;9.97;-20,5;5.94;237;0.39;Wings;outdoor
rootop;chem. Tropos;SO2;10 min;mean;0.118;9.363;-17.910;6.663;265.667;0.328;Wings;outdoor
rootop;chem. Tropos;NO2;10 min;1602;0.156;11.3;23.6;55.4;1990;0.396;Wings;outdoor
rootop;chem. Tropos;NO2;10 min;1603;0.032;-1.74;9.18;6.81;245;-0.179;Wings;outdoor
rootop;chem. Tropos;NO2;10 min;1604;0.101;13.8;8.72;52.9;1903;0.318;Wings;outdoor
rootop;chem. Tropos;NO2;10 min;mean;0.096;7.787;13.833;38.370;1379.333;0.178;Wings;outdoor
chamber_meteo;Palas AQ-Guard;RH;5 min;17;0.881;0.739;2.31;11.5;25.6;0.939;Wings;indoor
chamber_meteo;Palas AQ-Guard;RH;5 min;18;0.853;0.897;1.63;9.22;20.5;0.924;Wings;indoor
chamber_meteo;Palas AQ-Guard;RH;5 min;19;0.887;0.805;1.33;9.61;21.3;0.942;Wings;indoor
chamber_meteo;Palas AQ-Guard;RH;5 min;mean;0.874;0.814;1.757;10.110;22.467;0.935;Wings;indoor
chamber_meteo;Palas AQ-Guard;air_temp;5 min;17;0.815;0.83;7.65;4.31;17.6;0.903;Wings;indoor
chamber_meteo;Palas AQ-Guard;air_temp;5 min;18;0.789;0.791;7.46;3.57;14.6;0.888;Wings;indoor
chamber_meteo;Palas AQ-Guard;air_temp;5 min;19;0.835;0.849;6.36;3.57;14.6;0.914;Wings;indoor
chamber_meteo;Palas AQ-Guard;air_temp;5 min;mean;0.813;0.823;7.157;3.817;15.600;0.902;Wings;indoor
chamber_meteo;Palas AQ-Guard;abs_hum;5 min;17;0.963;0.851;1.01;1.62;15.1;0.981;Wings;indoor
chamber_meteo;Palas AQ-Guard;abs_hum;5 min;18;0.948;0.938;0.33;1.58;14.7;0.947;Wings;indoor
chamber_meteo;Palas AQ-Guard;abs_hum;5 min;19;0.969;0.889;0.717;1.4;13;0.984;Wings;indoor
chamber_meteo;Palas AQ-Guard;abs_hum;5 min;mean;0.960;0.893;0.686;1.533;14.267;0.971;Wings;indoor
chamber_meteo;Palas AQ-Guard;CO2;5 min;17;0.769;2.01;-358;293;46.5;0.877;Wings;indoor
chamber_meteo;Palas AQ-Guard;CO2;5 min;18;0.763;1.96;-320;303;48;0.873;Wings;indoor
chamber_meteo;Palas AQ-Guard;CO2;5 min;19;0.761;1.91;-292;296;47;0.873;Wings;indoor
chamber_meteo;Palas AQ-Guard;CO2;5 min;mean;0.764;1.960;-323.333;297.333;47.167;0.874;Wings;indoor
chamber_meteo;GMP-251;CO2;5 min;17;0.627;1.69;-236;253;37.4;0.792;Wings;indoor
chamber_meteo;GMP-251;CO2;5 min;18;0.626;1.66;-206;262;38.7;0.791;Wings;indoor
chamber_meteo;GMP-251;CO2;5 min;19;0.618;1.61;-173;256;37.8;0.786;Wings;indoor
chamber_meteo;GMP-251;CO2;5 min;mean;0.624;1.653;-205.000;257.000;37.967;0.790;Wings;indoor
chamber_meteo;chamber;RH;5 min;17;0.749;0.6;6.23;17;34.8;0.865;Wings;indoor
chamber_meteo;chamber;RH;5 min;18;0.716;0.725;3.36;14.7;30;0.846;Wings;indoor
chamber_meteo;chamber;RH;5 min;19;0.752;0.653;5.65;15.3;31.1;0.867;Wings;indoor
chamber_meteo;chamber;RH;5 min;mean;0.739;0.659;5.080;15.667;31.967;0.859;Wings;indoor
chamber_meteo;chamber;air_temp;5 min;17;0.658;0.692;11.5;5.64;23.8;0.811;Wings;indoor
chamber_meteo;chamber;air_temp;5 min;18;0.625;0.653;11.3;4.97;21;0.79;Wings;indoor
chamber_meteo;chamber;air_temp;5 min;19;0.681;0.711;10.3;4.94;20.9;0.825;Wings;indoor
chamber_meteo;chamber;air_temp;5 min;mean;0.655;0.685;11.033;5.183;21.900;0.809;Wings;indoor
chamber_meteo;chamber;abs_hum;5 min;17;0.938;0.765;1.55;2.53;22.4;0.969;Wings;indoor
chamber_meteo;chamber;abs_hum;5 min;18;0.921;0.842;0.94;2.34;20.8;0.959;Wings;indoor
chamber_meteo;chamber;abs_hum;5 min;19;0.944;0.8;1.28;2.29;20.4;0.972;Wings;indoor
chamber_meteo;chamber;abs_hum;5 min;mean;0.934;0.802;1.257;2.387;21.200;0.967;Wings;indoor
chamber_meteo;Palas AQ-Guard;RH;1 hour;17;0.911;0.783;0.307;10.3;22.7;0.954;Wings;indoor
chamber_meteo;Palas AQ-Guard;RH;1 hour;18;0.883;0.963;-4.64;7.54;16.7;0.94;Wings;indoor
chamber_meteo;Palas AQ-Guard;RH;1 hour;19;0.915;0.843;-0.388;8.28;18.3;0.957;Wings;indoor
chamber_meteo;Palas AQ-Guard;RH;1 hour;mean;0.903;0.863;-1.574;8.707;19.233;0.950;Wings;indoor
chamber_meteo;Palas AQ-Guard;air_temp;1 hour;17;0.926;0.91;5.71;3.81;15.6;0.962;Wings;indoor
chamber_meteo;Palas AQ-Guard;air_temp;1 hour;18;0.907;0.874;5.46;2.89;11.8;0.952;Wings;indoor
chamber_meteo;Palas AQ-Guard;air_temp;1 hour;19;0.938;0.924;4.54;2.99;12.2;0.968;Wings;indoor
chamber_meteo;Palas AQ-Guard;air_temp;1 hour;mean;0.924;0.903;5.237;3.230;13.200;0.961;Wings;indoor
chamber_meteo;Palas AQ-Guard;abs_hum;1 hour;17;0.989;0.867;0.831;1.02;9.46;0.994;Wings;indoor
chamber_meteo;Palas AQ-Guard;abs_hum;1 hour;18;0.988;0.948;0.218;0.693;6.43;0.994;Wings;indoor
chamber_meteo;Palas AQ-Guard;abs_hum;1 hour;19;0.991;0.902;0.576;0.814;7.55;0.996;Wings;indoor
chamber_meteo;Palas AQ-Guard;abs_hum;1 hour;mean;0.989;0.906;0.542;0.842;7.813;0.995;Wings;indoor
chamber_meteo;Palas AQ-Guard;CO2;1 hour;17;0.802;1.93;-30.7;294;46.1;0.895;Wings;indoor
chamber_meteo;Palas AQ-Guard;CO2;1 hour;18;0.792;1.91;-286;304;47.7;0.89;Wings;indoor
chamber_meteo;Palas AQ-Guard;CO2;1 hour;19;0.793;1.84;-244;297;46.7;0.891;Wings;indoor
chamber_meteo;Palas AQ-Guard;CO2;1 hour;mean;0.796;1.893;-186.900;298.333;46.833;0.892;Wings;indoor
chamber_meteo;GMP-251;CO2;1 hour;17;0.707;1.67;-217;250;36.6;0.841;Wings;indoor
chamber_meteo;GMP-251;CO2;1 hour;18;0.701;1.65;-200;260;38;0.837;Wings;indoor
chamber_meteo;GMP-251;CO2;1 hour;19;0.697;1.58;-157;253;37.1;0.835;Wings;indoor
chamber_meteo;GMP-251;CO2;1 hour;mean;0.702;1.633;-191.333;254.333;37.233;0.838;Wings;indoor
chamber_meteo;chamber;RH;1 hour;17;0.797;0.639;4.36;14.9;30.3;0.893;Wings;indoor
chamber_meteo;chamber;RH;1 hour;18;0.756;0.778;0.756;21.1;24.8;0.87;Wings;indoor
chamber_meteo;chamber;RH;1 hour;19;0.799;0.687;4.02;13;26.4;0.894;Wings;indoor
chamber_meteo;chamber;RH;1 hour;mean;0.784;0.701;3.045;16.333;27.167;0.886;Wings;indoor
chamber_meteo;chamber;air_temp;1 hour;17;0.851;0.847;7.89;4.76;20.1;0.922;Wings;indoor
chamber_meteo;chamber;air_temp;1 hour;18;0.824;0.808;7.67;3.89;16.4;0.908;Wings;indoor
chamber_meteo;chamber;air_temp;1 hour;19;0.866;0.862;6.7;3.97;16.8;0.931;Wings;indoor
chamber_meteo;chamber;air_temp;1 hour;mean;0.847;0.839;7.420;4.207;17.767;0.920;Wings;indoor
chamber_meteo;chamber;abs_hum;1 hour;17;0.978;0.776;1.43;1.81;16;0.989;Wings;indoor
chamber_meteo;chamber;abs_hum;1 hour;18;0.975;0.847;0.881;1.43;12.7;0.988;Wings;indoor
chamber_meteo;chamber;abs_hum;1 hour;19;0.981;0.807;1.2;1.6;14.2;0.99;Wings;indoor
chamber_meteo;chamber;abs_hum;1 hour;mean;0.978;0.810;1.170;1.613;14.300;0.989;Wings;indoor
chamber_meteo;Palas AQ-Guard;RH;10 min;1602;0.956;1.08;-5.8;4.62;10.3;0.979;Wings;outdoor
chamber_meteo;Palas AQ-Guard;RH;10 min;1603;0.936;0.992;-3.14;5.88;13.1;0.967;Wings;outdoor
chamber_meteo;Palas AQ-Guard;RH;10 min;1604;0.908;1.16;-7.51;7.02;15.6;0.953;Wings;outdoor
chamber_meteo;Palas AQ-Guard;RH;10 min;mean;0.933;1.077;-5.483;5.840;13.000;0.966;Wings;outdoor
chamber_meteo;Palas AQ-Guard;air_temp;10 min;1602;0.927;0.925;2.19;1.61;6.57;0.963;Wings;outdoor
chamber_meteo;Palas AQ-Guard;air_temp;10 min;1603;0.898;0.916;2.28;1.87;7.66;0.947;Wings;outdoor
chamber_meteo;Palas AQ-Guard;air_temp;10 min;1604;0.833;0.843;5.32;2.81;11.5;0.912;Wings;outdoor
chamber_meteo;Palas AQ-Guard;air_temp;10 min;mean;0.886;0.895;3.263;2.097;8.577;0.941;Wings;outdoor
chamber_meteo;Palas AQ-Guard;abs_hum;10 min;1602;0.993;1.04;-0.742;0.729;6.8;0.996;Wings;outdoor
chamber_meteo;Palas AQ-Guard;abs_hum;10 min;1603;0.981;0.936;-0.173;1.29;12.1;0.99;Wings;outdoor
chamber_meteo;Palas AQ-Guard;abs_hum;10 min;1604;0.975;1.18;-10,8;1.93;18;0.988;Wings;outdoor
chamber_meteo;Palas AQ-Guard;abs_hum;10 min;mean;0.983;1.052;-0.458;1.316;12.300;0.991;Wings;outdoor
chamber_meteo;chamber;RH;10 min;1602;0.862;0.913;-1.66;9.44;19.3;0.928;Wings;outdoor
chamber_meteo;chamber;RH;10 min;1603;0.828;0.829;0.693;11.2;22.8;0.91;Wings;outdoor
chamber_meteo;chamber;RH;10 min;1604;0.79;0.963;-2.33;10.6;21.6;0.889;Wings;outdoor
chamber_meteo;chamber;RH;10 min;mean;0.827;0.902;-1.099;10.413;21.233;0.909;Wings;outdoor
chamber_meteo;chamber;air_temp;10 min;1602;0.813;0.806;5.72;2.93;12.4;0.901;Wings;outdoor
chamber_meteo;chamber;air_temp;10 min;1603;0.767;0.788;6.01;3.18;13.4;0.876;Wings;outdoor
chamber_meteo;chamber;air_temp;10 min;1604;0.678;0.708;9.16;4.21;17.8;0.824;Wings;outdoor
chamber_meteo;chamber;air_temp;10 min;mean;0.753;0.767;6.963;3.440;14.533;0.867;Wings;outdoor
chamber_meteo;chamber;abs_hum;10 min;1602;0.982;0.949;-0.214;1.29;11.5;0.991;Wings;outdoor
chamber_meteo;chamber;abs_hum;10 min;1603;0.966;0.851;0.322;2.1;18.7;0.983;Wings;outdoor
chamber_meteo;chamber;abs_hum;10 min;1604;0.959;1.07;-0.443;1.74;15.4;0.979;Wings;outdoor
chamber_meteo;chamber;abs_hum;10 min;mean;0.969;0.957;-0.112;1.710;15.200;0.984;Wings;outdoor
chamber_meteo;Palas AQ-Guard;RH;1 hour;1602;0.969;1.11;-6.97;3.34;7.38;0.985;Wings;outdoor
chamber_meteo;Palas AQ-Guard;RH;1 hour;1603;0.944;1.02;-4.72;4.79;10.6;0.972;Wings;outdoor
chamber_meteo;Palas AQ-Guard;RH;1 hour;1604;0.902;1.19;-8.98;5.17;11.4;0.95;Wings;outdoor
chamber_meteo;Palas AQ-Guard;RH;1 hour;mean;0.938;1.107;-6.890;4.433;9.793;0.969;Wings;outdoor
chamber_meteo;Palas AQ-Guard;air_temp;1 hour;1602;0.984;0.964;1.27;0.787;3.22;0.992;Wings;outdoor
chamber_meteo;Palas AQ-Guard;air_temp;1 hour;1603;0.971;0.97;0.967;0.941;3.85;0.986;Wings;outdoor
chamber_meteo;Palas AQ-Guard;air_temp;1 hour;1604;0.939;0.91;3.64;2.01;8.23;0.969;Wings;outdoor
chamber_meteo;Palas AQ-Guard;air_temp;1 hour;mean;0.965;0.948;1.959;1.246;5.100;0.982;Wings;outdoor
chamber_meteo;Palas AQ-Guard;abs_hum;1 hour;1602;0.997;1.03;-0.571;0.413;3.83;0.999;Wings;outdoor
chamber_meteo;Palas AQ-Guard;abs_hum;1 hour;1603;0.993;0.928;-0.076;1.01;9.36;0.997;Wings;outdoor
chamber_meteo;Palas AQ-Guard;abs_hum;1 hour;1604;0.991;1.16;-0.87;1.32;12.2;0.995;Wings;outdoor
chamber_meteo;Palas AQ-Guard;abs_hum;1 hour;mean;0.994;1.039;-0.506;0.914;8.463;0.997;Wings;outdoor
chamber_meteo;chamber;RH;1 hour;1602;0.883;0.923;-2.12;7.5;15.3;0.94;Wings;outdoor
chamber_meteo;chamber;RH;1 hour;1603;0.84;0.839;0.237;9.37;19.1;0.917;Wings;outdoor
chamber_meteo;chamber;RH;1 hour;1604;0.783;0.97;-2.62;8.01;16.3;0.885;Wings;outdoor
chamber_meteo;chamber;RH;1 hour;mean;0.835;0.911;-1.501;8.293;16.900;0.914;Wings;outdoor
chamber_meteo;chamber;air_temp;1 hour;1602;0.94;0.914;3.16;1.77;7.45;0.969;Wings;outdoor
chamber_meteo;chamber;air_temp;1 hour;1603;0.916;0.914;3.01;1.88;7.93;0.957;Wings;outdoor
chamber_meteo;chamber;air_temp;1 hour;1604;0.866;0.851;5.79;3.03;12.8;0.931;Wings;outdoor
chamber_meteo;chamber;air_temp;1 hour;mean;0.907;0.893;3.987;2.227;9.393;0.952;Wings;outdoor
chamber_meteo;chamber;abs_hum;1 hour;1602;0.993;0.921;0.107;1.01;8.99;0.996;Wings;outdoor
chamber_meteo;chamber;abs_hum;1 hour;1603;0.985;0.831;0.554;1.76;15.6;0.992;Wings;outdoor
chamber_meteo;chamber;abs_hum;1 hour;1604;0.981;1.04;-0.0785;0.912;8.08;0.991;Wings;outdoor
chamber_meteo;chamber;abs_hum;1 hour;mean;0.986;0.931;0.194;1.227;10.890;0.993;Wings;outdoor
chamber_CO2;GMP-251;CO2;5 min;17;0.441;-0.216;1370;1604;67.7;-0.664;Wings;indoor
chamber_CO2;GMP-251;CO2;5 min;18;0.448;-0.228;1372;163;68.8;-0.669;Wings;indoor
chamber_CO2;GMP-251;CO2;5 min;19;0.446;-0.21;1359;1601;67.6;-0.668;Wings;indoor
chamber_CO2;GMP-251;CO2;5 min;mean;0.445;-0.218;1367.000;1122.667;68.033;-0.667;Wings;indoor
chamber_CO2;GMP-251;CO2;1 hour;17;0.606;-0.243;1431;1525;66.1;-0.779;Wings;indoor
chamber_CO2;GMP-251;CO2;1 hour;18;0.62;-0.257;1438;1550;67.2;-0.787;Wings;indoor
chamber_CO2;GMP-251;CO2;1 hour;19;0.605;-0.235;1414;1522;66;-0.788;Wings;indoor
chamber_CO2;GMP-251;CO2;1 hour;mean;0.610;-0.245;1427.667;1532.333;66.433;-0.785;Wings;indoor
chamber_CO2;Palas AQ-Guard;CO2;5 min;17;0.451;-0.242;1416;1363;62.6;-0.671;Wings;indoor
chamber_CO2;Palas AQ-Guard;CO2;5 min;18;0.458;-0.255;1420;1388;63.7;-0.677;Wings;indoor
chamber_CO2;Palas AQ-Guard;CO2;5 min;19;0.453;-0.233;1398;1362;62.5;-0.673;Wings;indoor
chamber_CO2;Palas AQ-Guard;CO2;5 min;mean;0.454;-0.243;1411.333;1371.000;62.933;-0.674;Wings;indoor
chamber_actetone;Palas AQ-Guard;VOC;5 min;17;0.741;0.00676;5.15;11518;105;0.861;Wings;indoor
chamber_actetone;Palas AQ-Guard;VOC;5 min;18;0.766;0.071;-1.26;11433;105;0.875;Wings;indoor
chamber_actetone;Palas AQ-Guard;VOC;5 min;19;0.74;0.067;23.2;11496;105;0.86;Wings;indoor
chamber_actetone;Palas AQ-Guard;VOC;5 min;mean;0.749;0.048;9.030;11482.333;105.000;0.865;Wings;indoor
chamber_actetone;Palas AQ-Guard;PM01;5 min;17;0.993;0.973;-0.101;0.175;17.5;0.996;Wings;indoor
chamber_actetone;Palas AQ-Guard;PM01;5 min;18;0.989;0.889;-0.0175;0.239;23.9;0.994;Wings;indoor
chamber_actetone;Palas AQ-Guard;PM01;5 min;19;0.991;1.06;-0.0363;0.165;16.5;0.996;Wings;indoor
chamber_actetone;Palas AQ-Guard;PM01;5 min;mean;0.991;0.974;-0.052;0.193;19.300;0.995;Wings;indoor
chamber_actetone;Palas AQ-Guard;PM02.5;5 min;17;0.978;0.953;-0.145;0.295;24.8;0.989;Wings;indoor
chamber_actetone;Palas AQ-Guard;PM02.5;5 min;18;0.976;0.888;-0.086;0.336;28.2;0.988;Wings;indoor
chamber_actetone;Palas AQ-Guard;PM02.5;5 min;19;0.981;1.06;-0.085;0.23;19.3;0.99;Wings;indoor
chamber_actetone;Palas AQ-Guard;PM02.5;5 min;mean;0.978;0.967;-0.105;0.287;24.100;0.989;Wings;indoor
chamber_actetone;Palas AQ-Guard;PM10;5 min;17;0.929;0.792;-0.012;0.588;42.4;0.964;Wings;indoor
chamber_actetone;Palas AQ-Guard;PM10;5 min;18;0.925;0.731;0.01;0.676;48.3;0.962;Wings;indoor
chamber_actetone;Palas AQ-Guard;PM10;5 min;19;0.941;0.881;0.062;0.431;31;0.97;Wings;indoor
chamber_actetone;Palas AQ-Guard;PM10;5 min;mean;0.932;0.801;0.020;0.565;40.567;0.965;Wings;indoor
chamber_actetone;Palas AQ-Guard;VOC;1 hour;17;0.772;0.0648;45.5;11502;103;0.879;Wings;indoor
chamber_actetone;Palas AQ-Guard;VOC;1 hour;18;0.798;0.0687;34.2;11464;103;0.983;Wings;indoor
chamber_actetone;Palas AQ-Guard;VOC;1 hour;19;0.768;0.0638;65.2;11497;103;0.877;Wings;indoor
chamber_actetone;Palas AQ-Guard;VOC;1 hour;mean;0.779;0.066;48.300;11487.667;103.000;0.913;Wings;indoor
chamber_actetone;Palas AQ-Guard;PM01;1 hour;17;0.998;1.01;-0.125;0.124;16.1;0.999;Wings;indoor
chamber_actetone;Palas AQ-Guard;PM01;1 hour;18;0.998;0.941;-0.0547;0.113;14.7;0.999;Wings;indoor
chamber_actetone;Palas AQ-Guard;PM01;1 hour;19;0.998;1.12;-0.0761;0.096;12.4;0.999;Wings;indoor
chamber_actetone;Palas AQ-Guard;PM01;1 hour;mean;0.998;1.024;-0.085;0.111;14.400;0.999;Wings;indoor
chamber_actetone;Palas AQ-Guard;PM02.5;1 hour;17;0.982;1.01;-0.193;0.214;22.5;0.991;Wings;indoor
chamber_actetone;Palas AQ-Guard;PM02.5;1 hour;18;0.982;0.962;-0.153;0.215;22.6;0.991;Wings;indoor
chamber_actetone;Palas AQ-Guard;PM02.5;1 hour;19;0.982;1.14;-0.156;0.155;16.3;0.991;Wings;indoor
chamber_actetone;Palas AQ-Guard;PM02.5;1 hour;mean;0.982;1.037;-0.167;0.195;20.467;0.991;Wings;indoor
chamber_actetone;Palas AQ-Guard;PM10;1 hour;17;0.946;0.889;-0.125;0.316;28.3;0.973;Wings;indoor
chamber_actetone;Palas AQ-Guard;PM10;1 hour;18;0.932;0.845;-0.118;0.368;32.9;0.965;Wings;indoor
chamber_actetone;Palas AQ-Guard;PM10;1 hour;19;0.937;0.996;-0.074;0.223;20;0.968;Wings;indoor
chamber_actetone;Palas AQ-Guard;PM10;1 hour;mean;0.938;0.910;-0.106;0.302;27.067;0.969;Wings;indoor
chamber_PM;Palas AQ-Guard;VOC;5 min;17;0.088;0.652;1484;3204;452;0.296;Wings;indoor
chamber_PM;Palas AQ-Guard;VOC;5 min;18;0.0904;0.646;1446;3123;440;0.301;Wings;indoor
chamber_PM;Palas AQ-Guard;VOC;5 min;19;0.0871;0.627;1432;3092;436;0.295;Wings;indoor
chamber_PM;Palas AQ-Guard;VOC;5 min;mean;0.089;0.642;1454.000;3139.667;442.667;0.297;Wings;indoor
chamber_PM;Palas AQ-Guard;PM01;5 min;17;0.951;0.659;0.926;15;87.5;0.975;Wings;indoor
chamber_PM;Palas AQ-Guard;PM01;5 min;18;0.918;0.586;1.22;18.1;106;0.958;Wings;indoor
chamber_PM;Palas AQ-Guard;PM01;5 min;19;0.928;0.626;1.27;16.5;96.3;0.964;Wings;indoor
chamber_PM;Palas AQ-Guard;PM01;5 min;mean;0.932;0.624;1.139;16.533;96.600;0.966;Wings;indoor
chamber_PM;Palas AQ-Guard;PM02.5;5 min;17;0.953;0.675;0.798;14.7;83.1;0.976;Wings;indoor
chamber_PM;Palas AQ-Guard;PM02.5;5 min;18;0.917;0.611;1.14;17.6;99.5;0.958;Wings;indoor
chamber_PM;Palas AQ-Guard;PM02.5;5 min;19;0.925;0.653;1.22;16;90.4;0.962;Wings;indoor
chamber_PM;Palas AQ-Guard;PM02.5;5 min;mean;0.932;0.646;1.053;16.100;91.000;0.965;Wings;indoor
chamber_PM;Palas AQ-Guard;PM10;5 min;17;0.956;0.634;0.609;17.3;90.3;0.978;Wings;indoor
chamber_PM;Palas AQ-Guard;PM10;5 min;18;0.912;0.572;1.03;20.4;106;0.955;Wings;indoor
chamber_PM;Palas AQ-Guard;PM10;5 min;19;0.91;0.609;1.18;19;99.1;0.954;Wings;indoor
chamber_PM;Palas AQ-Guard;PM10;5 min;mean;0.926;0.605;0.940;18.900;98.467;0.962;Wings;indoor
chamber_PM;Palas AQ-Guard;VOC;1 hour;17;0.118;0.0299;387;1824;113;0.344;Wings;indoor
chamber_PM;Palas AQ-Guard;VOC;1 hour;18;0.069;0.0208;338;1874;116;0.263;Wings;indoor
chamber_PM;Palas AQ-Guard;VOC;1 hour;19;0.121;0.0312;390;1819;113;0.347;Wings;indoor
chamber_PM;Palas AQ-Guard;VOC;1 hour;mean;0.103;0.027;371.667;1839.000;114.000;0.318;Wings;indoor
chamber_PM;Palas AQ-Guard;PM01;1 hour;17;0.996;0.695;0.492;10.5;61.1;0.998;Wings;indoor
chamber_PM;Palas AQ-Guard;PM01;1 hour;18;0.985;0.617;0.815;13.2;76.6;0.992;Wings;indoor
chamber_PM;Palas AQ-Guard;PM01;1 hour;19;0.977;0.652;1.06;12.1;70.1;0.989;Wings;indoor
chamber_PM;Palas AQ-Guard;PM01;1 hour;mean;0.986;0.655;0.789;11.933;69.267;0.993;Wings;indoor
chamber_PM;Palas AQ-Guard;PM02.5;1 hour;17;0.996;0.707;0.389;10.4;58.3;0.998;Wings;indoor
chamber_PM;Palas AQ-Guard;PM02.5;1 hour;18;0.982;0.64;0.765;12.8;71.8;0.991;Wings;indoor
chamber_PM;Palas AQ-Guard;PM02.5;1 hour;19;0.974;0.676;1.05;11.6;65.3;0.987;Wings;indoor
chamber_PM;Palas AQ-Guard;PM02.5;1 hour;mean;0.984;0.674;0.735;11.600;65.133;0.992;Wings;indoor
chamber_PM;Palas AQ-Guard;PM10;1 hour;17;0.994;0.6;0.271;13;67.5;0.997;Wings;indoor
chamber_PM;Palas AQ-Guard;PM10;1 hour;18;0.976;0.596;0.69;15.5;80.2;0.988;Wings;indoor
chamber_PM;Palas AQ-Guard;PM10;1 hour;19;0.966;0.629;1.02;14.3;74.1;0.983;Wings;indoor
chamber_PM;Palas AQ-Guard;PM10;1 hour;mean;0.979;0.608;0.660;14.267;73.933;0.989;Wings;indoor
chamber_PM;Tropos;PM01;5 min;17;0.771;0.393;-0.13;71.9;83.6;0.878;Wings;indoor
chamber_PM;Tropos;PM01;5 min;18;0.709;0.344;1.53;76.2;88.7;0.842;Wings;indoor
chamber_PM;Tropos;PM01;5 min;19;0.736;0.374;1.42;73;85;0.858;Wings;indoor
chamber_PM;Tropos;PM01;5 min;mean;0.739;0.370;0.940;73.700;85.767;0.859;Wings;indoor
chamber_PM;Tropos;PM02.5;5 min;17;0.767;0.399;-0.219;73;82.8;0.876;Wings;indoor
chamber_PM;Tropos;PM02.5;5 min;18;0.706;0.356;1.52;76.8;87.1;0.84;Wings;indoor
chamber_PM;Tropos;PM02.5;5 min;19;0.732;0.387;1.44;73.4;83.2;0.856;Wings;indoor
chamber_PM;Tropos;PM02.5;5 min;mean;0.735;0.381;0.914;74.400;84.367;0.857;Wings;indoor
chamber_PM;Tropos;PM10;5 min;17;0.737;0.357;-0.647;86.9;87;0.858;Wings;indoor
chamber_PM;Tropos;PM10;5 min;18;0.666;0.316;1.4;90.8;91;0.816;Wings;indoor
chamber_PM;Tropos;PM10;5 min;19;0.698;0.345;1.19;87.3;87.4;0.836;Wings;indoor
chamber_PM;Tropos;PM10;5 min;mean;0.700;0.339;0.648;88.333;88.467;0.837;Wings;indoor
chamber_PM;Tropos;PM01;1 hour;17;0.839;0.408;-1.45;59.6;74.7;0.916;Wings;indoor
chamber_PM;Tropos;PM01;1 hour;18;0.767;0.34;1.38;63.9;80.1;0.876;Wings;indoor
chamber_PM;Tropos;PM01;1 hour;19;0.735;0.346;3.11;62.1;77.9;0.857;Wings;indoor
chamber_PM;Tropos;PM01;1 hour;mean;0.780;0.365;1.013;61.867;77.567;0.883;Wings;indoor
chamber_PM;Tropos;PM02.5;1 hour;17;0.835;0.412;-1.39;60.7;74.1;0.914;Wings;indoor
chamber_PM;Tropos;PM02.5;1 hour;18;0.76;0.349;1.65;64.5;78.8;0.872;Wings;indoor
chamber_PM;Tropos;PM02.5;1 hour;19;0.725;0.255;3.62;62.7;76.6;0.851;Wings;indoor
chamber_PM;Tropos;PM02.5;1 hour;mean;0.773;0.339;1.293;62.633;76.500;0.879;Wings;indoor
chamber_PM;Tropos;PM10;1 hour;17;0.759;0.346;-1.23;78.3;80.6;0.871;Wings;indoor
chamber_PM;Tropos;PM10;1 hour;18;0.665;0.288;2.36;82.2;84.6;0.815;Wings;indoor
chamber_PM;Tropos;PM10;1 hour;19;0.652;0.296;4.03;80;82.4;0.808;Wings;indoor
chamber_PM;Tropos;PM10;1 hour;mean;0.692;0.310;1.720;80.167;82.533;0.831;Wings;indoor
chamber_PM;Palas AQ-Guard;PM01;10 min;1602;0.0408;0.0079;3.57;38.9;227;0.202;Wings;outdoor
chamber_PM;Palas AQ-Guard;PM01;10 min;1603;0.105;0.068;7.88;36;210;0.324;Wings;outdoor
chamber_PM;Palas AQ-Guard;PM01;10 min;1604;0.0901;0.069;10.1;35.7;208;0.3;Wings;outdoor
chamber_PM;Palas AQ-Guard;PM01;10 min;mean;0.079;0.048;7.183;36.867;215.000;0.275;Wings;outdoor
chamber_PM;Palas AQ-Guard;PM02.5;10 min;1602;0.0571;0.019;11.6;37.3;211;0.239;Wings;outdoor
chamber_PM;Palas AQ-Guard;PM02.5;10 min;1603;0.0781;0.0942;18.3;36.1;204;0.279;Wings;outdoor
chamber_PM;Palas AQ-Guard;PM02.5;10 min;1604;0.0131;0.0339;19.4;37.8;214;0.114;Wings;outdoor
chamber_PM;Palas AQ-Guard;PM02.5;10 min;mean;0.049;0.049;16.433;37.067;209.667;0.211;Wings;outdoor
chamber_PM;Palas AQ-Guard;PM10;10 min;1602;0.0204;-0.0423;34.9;45.7;238;-0.143;Wings;outdoor
chamber_PM;Palas AQ-Guard;PM10;10 min;1603;0.156;0.264;49.6;52.2;272;0.395;Wings;outdoor
chamber_PM;Palas AQ-Guard;PM10;10 min;1604;0.0952;0.364;64;73;380;0.309;Wings;outdoor
chamber_PM;Palas AQ-Guard;PM10;10 min;mean;0.091;0.195;49.500;56.967;296.667;0.187;Wings;outdoor
chamber_PM;Palas AQ-Guard;PM01;1 hour;1602;0.0504;0.0088;3.58;33;192;0.255;Wings;outdoor
chamber_PM;Palas AQ-Guard;PM01;1 hour;1603;0.195;0.103;7.11;29.2;170;0.442;Wings;outdoor
chamber_PM;Palas AQ-Guard;PM01;1 hour;1604;0.169;0.108;9.53;28.6;166;0.411;Wings;outdoor
chamber_PM;Palas AQ-Guard;PM01;1 hour;mean;0.138;0.073;6.740;30.267;176.000;0.369;Wings;outdoor
chamber_PM;Palas AQ-Guard;PM02.5;1 hour;1602;0.0867;0.0238;11.5;30.9;174;0.296;Wings;outdoor
chamber_PM;Palas AQ-Guard;PM02.5;1 hour;1603;0.149;0.144;17.1;28.6;161;0.386;Wings;outdoor
chamber_PM;Palas AQ-Guard;PM02.5;1 hour;1604;0.033;0.0603;19;30.9;174;0.182;Wings;outdoor
chamber_PM;Palas AQ-Guard;PM02.5;1 hour;mean;0.090;0.076;15.867;30.133;169.667;0.288;Wings;outdoor
chamber_PM;Palas AQ-Guard;PM10;1 hour;1602;0.0477;-0.0673;35.6;39.7;205;-0.218;Wings;outdoor
chamber_PM;Palas AQ-Guard;PM10;1 hour;1603;0.288;0.397;46.7;45.3;235;0.537;Wings;outdoor
chamber_PM;Palas AQ-Guard;PM10;1 hour;1604;0.178;0.565;61.2;68;352;0.421;Wings;outdoor
chamber_PM;Palas AQ-Guard;PM10;1 hour;mean;0.171;0.298;47.833;51.000;264.000;0.247;Wings;outdoor
chamber_PM;Tropos;PM01;10 min;1602;0.0044;0.0045;3.64;111;129;0.209;Wings;outdoor
chamber_PM;Tropos;PM01;10 min;1603;0.0041;-0.0085;15.9;104;121;-0.064;Wings;outdoor
chamber_PM;Tropos;PM01;10 min;1604;0.0522;-0.0235;19.6;104;120;-0.229;Wings;outdoor
chamber_PM;Tropos;PM01;10 min;mean;0.020;-0.009;13.047;106.333;123.333;-0.028;Wings;outdoor
chamber_PM;Tropos;PM02.5;10 min;1602;0.0044;0.002;13.3;107;121;0.0662;Wings;outdoor
chamber_PM;Tropos;PM02.5;10 min;1603;0.01;-0.0201;31;99.4;112;-0.1;Wings;outdoor
chamber_PM;Tropos;PM02.5;10 min;1604;0.108;-0.0363;27.3;103;116;-0.329;Wings;outdoor
chamber_PM;Tropos;PM02.5;10 min;mean;0.041;-0.018;23.867;103.133;116.333;-0.121;Wings;outdoor
chamber_PM;Tropos;PM10;10 min;1602;0.0114;0.0182;27.2;112;111;0.107;Wings;outdoor
chamber_PM;Tropos;PM10;10 min;1603;0.0252;-0.0553;85.4;98;96.4;-0.159;Wings;outdoor
chamber_PM;Tropos;PM10;10 min;1604;0.0489;-0.114;118;105;104;-0.221;Wings;outdoor
chamber_PM;Tropos;PM10;10 min;mean;0.029;-0.050;76.867;105.000;103.800;-0.091;Wings;outdoor
chamber_PM;Tropos;PM01;1 hour;1602;0.0314;0.0034;3.78;93.9;118;0.177;Wings;outdoor
chamber_PM;Tropos;PM01;1 hour;1603;0.0012;-0.0059;14.3;87;109;-0.035;Wings;outdoor
chamber_PM;Tropos;PM01;1 hour;1604;0.0498;-0.0288;19.6;85;107;-0.223;Wings;outdoor
chamber_PM;Tropos;PM01;1 hour;mean;0.027;-0.010;12.560;88.633;111.333;-0.027;Wings;outdoor
chamber_PM;Tropos;PM02.5;1 hour;1602;0.027;-0.0054;13.6;89.4;109;-0.164;Wings;outdoor
chamber_PM;Tropos;PM02.5;1 hour;1603;0.007;-0.0213;29;81.1;99.1;-0.084;Wings;outdoor
chamber_PM;Tropos;PM02.5;1 hour;1604;0.129;-0.0482;28.2;83.3;102;-0.359;Wings;outdoor
chamber_PM;Tropos;PM02.5;1 hour;mean;0.054;-0.025;23.600;84.600;103.367;-0.202;Wings;outdoor
chamber_PM;Tropos;PM10;1 hour;1602;0.0414;0.0362;27.3;91.7;94.4;0.203;Wings;outdoor
chamber_PM;Tropos;PM10;1 hour;1603;0.0312;-0.0792;82.4;78.6;80.9;-0.177;Wings;outdoor
chamber_PM;Tropos;PM10;1 hour;1604;0.0333;-0.112;116;82.1;84.6;-0.183;Wings;outdoor
chamber_PM;Tropos;PM10;1 hour;mean;0.035;-0.052;75.233;84.133;86.633;-0.052;Wings;outdoor
